fullname;name;vorname;lastname;firstname;kanton_nummer;liste_nummer_kanton;district;list
Eschmann Jonathan;NA;NA;Eschmann;Jonathan;NA;NA;Aargau;*JEVP
Stauffer Tabea;NA;NA;Stauffer;Tabea;NA;NA;Aargau;*JEVP
Camenisch Räto B.;NA;NA;Camenisch;Räto B.;NA;NA;Luzern;Aktive Senioren Luzern (SVP)
Lauper Erika;NA;NA;Lauper;Erika;NA;NA;Luzern;Aktive Senioren Luzern (SVP)
Leuzinger Thomas;NA;NA;Leuzinger;Thomas;NA;NA;Schaffhausen;AL Schaffhausen
Ender Kaplan Meggie;NA;NA;Ender Kaplan;Meggie;NA;NA;Zürich;AL-Alternative Liste
Gander Kathrin Anna;NA;NA;Gander;Kathrin Anna;NA;NA;Zürich;AL-Alternative Liste
Küng Julia;NA;NA;Küng;Julia;NA;NA;Zug;Alternative - die Grünen und CSP, Junge Alternative
Hofer Rita;NA;NA;Hofer;Rita;NA;NA;Zug;Alternative – die Grünen und CSP, landschaftliche Liste
Bétrisey Bonvin Claudia Murielle;NA;NA;Bétrisey Bonvin;Claudia Murielle;NA;NA;Wallis;Avenir Écologie Citoyenne - Zukunft und Nachaltigkeit Bürgerliste
Kuchler Noémie;NA;NA;Kuchler;Noémie;NA;NA;Wallis;Avenir Écologie libérale-radicale / Zukunft und Nachaltigkeit Freisinnigliberale
Jo Vergeat;NA;NA;Jo;Vergeat;NA;NA;Basel-Stadt;Bündnis BastA! Grüne JGB
Balmer-Bühler Sascha;NA;NA;Balmer-Bühler;Sascha;NA;NA;Zürich;Bürgerlich Demokratische Partei
Knöpfli Hansruedi;NA;NA;Knöpfli;Hansruedi;NA;NA;Zürich;Bürgerlich Demokratische Partei
Knöpfli Hansruedi;NA;NA;Knöpfli;Hansruedi;NA;NA;Zürich;Bürgerlich Demokratische Partei
Landolt Jonathan;NA;NA;Landolt;Jonathan;NA;NA;Zürich;Bürgerlich Demokratische Partei
Landolt Jonathan;NA;NA;Landolt;Jonathan;NA;NA;Zürich;Bürgerlich Demokratische Partei
Stahel Brigitta;NA;NA;Stahel;Brigitta;NA;NA;Zürich;Bürgerlich Demokratische Partei
Bühler Christine;NA;NA;Bühler;Christine;NA;NA;Bern;Bürgerlich Demokratische Partei, BDP
Eglli Heinz;NA;NA;Eglli;Heinz;NA;NA;Bern;Bürgerlich Demokratische Partei, BDP
Frutiger Ulrich;NA;NA;Frutiger;Ulrich;NA;NA;Bern;Bürgerlich Demokratische Partei, BDP
Gübeli-Grütter Charlotte;NA;NA;Gübeli-Grütter;Charlotte;NA;NA;Bern;Bürgerlich Demokratische Partei, BDP
Lüthi (Gartentor) Martin;NA;NA;Lüthi (Gartentor);Martin;NA;NA;Bern;Bürgerlich Demokratische Partei, BDP
Rappa Francesco Marco;NA;NA;Rappa;Francesco Marco;NA;NA;Bern;Bürgerlich Demokratische Partei, BDP
Moser Salomon;NA;NA;Moser;Salomon;NA;NA;Bern;Bürgerlich Demokratische Partei, JBDP
Muff Kai;NA;NA;Muff;Kai;NA;NA;Bern;Bürgerlich Demokratische Partei, JBDP
Huber Roland Alfred;NA;NA;Huber;Roland Alfred;NA;NA;Thurgau;Bürgerlich-demokratische Partei – Best Agers
Mettler Alfred;NA;NA;Mettler;Alfred;NA;NA;Thurgau;Bürgerlich-demokratische Partei – Best Agers
Riesen Thomas Markus;NA;NA;Riesen;Thomas Markus;NA;NA;Thurgau;Bürgerlich-demokratische Partei – Hauptliste
Schaefler Demet;NA;NA;Schaefler;Demet;NA;NA;St. Gallen;Bürgerlich-Demokratische Partei St. Gallen
Hess Annekäthi;NA;NA;Hess;Annekäthi;NA;NA;Aargau;BDP
Meisinger Esther;NA;NA;Meisinger;Esther;NA;NA;Basel-Landschaft;BDP Basel-Landschaft
Meisinger Esther;NA;NA;Meisinger;Esther;NA;NA;Basel-Landschaft;BDP Basel-Landschaft
Buchli Daniel Walter;NA;NA;Buchli;Daniel Walter;NA;NA;Graubünden;BDP Graubünden
Feseha Solomon;NA;NA;Feseha;Solomon;NA;NA;Solothurn;BDP Liste zwei
Hartmann-Fischli Madeleine;NA;NA;Hartmann-Fischli;Madeleine;NA;NA;Solothurn;BDP Liste zwei
Clerc Bérod Annick;NA;NA;Clerc Bérod;Annick;NA;NA;Wallis;Centre gauche-PCS / Gauche humaniste
Degen Iseli Andrea;NA;NA;Degen Iseli;Andrea;NA;NA;Zürich;Christlichsoziale Vereingigung CSV
Meister Kurt;NA;NA;Meister;Kurt;NA;NA;Zürich;Christlichsoziale Vereingigung CSV
Rensch Maria José;NA;NA;Rensch;Maria José;NA;NA;Zürich;Christlichsoziale Vereingigung CSV
Wibmer LL.M., Jeannette;NA;NA;Wibmer LL.M.,;Jeannette;NA;NA;Zürich;Christlichsoziale Vereingigung CSV
Widmer Alexander;NA;NA;Widmer;Alexander;NA;NA;Zürich;Christlichsoziale Vereingigung CSV
Widmer Andreas Martin;NA;NA;Widmer;Andreas Martin;NA;NA;Zürich;Christlichsoziale Vereingigung CSV
Zweifel Anton;NA;NA;Zweifel;Anton;NA;NA;Zürich;Christlichsoziale Vereingigung CSV
Jonas Aufdenblatten;NA;NA;Jonas;Aufdenblatten;NA;NA;Wallis;C-Parteien Junge CVPO
Schai Helen;NA;NA;Schai;Helen;NA;NA;Basel-Stadt;CVP 60+ Basel-Stadt
Humbel Näf Ruth;NA;NA;Humbel Näf;Ruth;NA;NA;Aargau;CVP Aargau Hauptliste
Baumann Christina;NA;NA;Baumann;Christina;NA;NA;Schwyz;CVP bürgerlich mit sozialer Verantwortung
Brenneis Manuela;NA;NA;Brenneis;Manuela;NA;NA;Basel-Stadt;CVP Basel-Stadt
Knellwolf Andrea Elisabeth;NA;NA;Knellwolf;Andrea Elisabeth;NA;NA;Basel-Stadt;CVP Basel-Stadt
Patierno Sandro;NA;NA;Patierno;Sandro;NA;NA;Schwyz;CVP Bauern und Gewerbe
Löhrer Sandra;NA;NA;Löhrer;Sandra;NA;NA;Bern;CVP Bern
Perella Patrick;NA;NA;Perella;Patrick;NA;NA;Bern;CVP Bern
Perina Alexandra;NA;NA;Perina;Alexandra;NA;NA;Bern;CVP Bern
Stöckli Simone;NA;NA;Stöckli;Simone;NA;NA;Bern;CVP Bern
Brignoli Lutz Francesca Maria Lucia;NA;NA;Brignoli Lutz;Francesca Maria Lucia;NA;NA;Zürich;CVP Frauen Zürich
Garcia Carolina;NA;NA;Garcia;Carolina;NA;NA;Zürich;CVP Frauen Zürich
Geser Karin;NA;NA;Geser;Karin;NA;NA;Zürich;CVP Frauen Zürich
Kenel-Paredi Olivia Anna;NA;NA;Kenel-Paredi;Olivia Anna;NA;NA;Zürich;CVP Frauen Zürich
Kupper Staub Vera Anna;NA;NA;Kupper Staub;Vera Anna;NA;NA;Zürich;CVP Frauen Zürich
Mabillard Corinne Andrea;NA;NA;Mabillard;Corinne Andrea;NA;NA;Zürich;CVP Frauen Zürich
Mändli-Lerch Karin;NA;NA;Mändli-Lerch;Karin;NA;NA;Zürich;CVP Frauen Zürich
Mariani Gabriela;NA;NA;Mariani;Gabriela;NA;NA;Zürich;CVP Frauen Zürich
Meli Hedwig;NA;NA;Meli;Hedwig;NA;NA;Zürich;CVP Frauen Zürich
Rutz Mätzler Theresia;NA;NA;Rutz Mätzler;Theresia;NA;NA;Zürich;CVP Frauen Zürich
Wendel Lucia Clara;NA;NA;Wendel;Lucia Clara;NA;NA;Zürich;CVP Frauen Zürich
Widmer Irene;NA;NA;Widmer;Irene;NA;NA;Zürich;CVP Frauen Zürich
Luzio Wieser Gianna;NA;NA;Luzio Wieser;Gianna;NA;NA;Graubünden;CVP Graubünden
Glanzmann Ida;NA;NA;Glanzmann;Ida;NA;NA;Luzern;CVP Luzern
Wismer Priska;NA;NA;Wismer;Priska;NA;NA;Luzern;CVP Luzern
Scholz Anja;NA;NA;Scholz;Anja;NA;NA;Thurgau;CVP Newcomer
Stadler-Kuster Sandra;NA;NA;Stadler-Kuster;Sandra;NA;NA;Thurgau;CVP Newcomer
Koch Susanne;NA;NA;Koch;Susanne;NA;NA;Solothurn;CVP Nord-Ost
Alder Frey Helene;NA;NA;Alder Frey;Helene;NA;NA;St. Gallen;CVP Nord-West
Sennhauser Josef;NA;NA;Sennhauser;Josef;NA;NA;St. Gallen;CVP Nord-West
Bregy Philipp;NA;NA;Bregy;Philipp;NA;NA;Wallis;CVP Oberwallis
Krempl Luzia;NA;NA;Krempl;Luzia;NA;NA;St. Gallen;CVP Süd-Ost
Mühlemann Tamara;NA;NA;Mühlemann;Tamara;NA;NA;Solothurn;CVP Süd-West
Theiler Thomas;NA;NA;Theiler;Thomas;NA;NA;Schaffhausen;CVP Schaffhausen KMU
Barandun Nicole;NA;NA;Barandun;Nicole;NA;NA;Zürich;CVP Zürich
Bernhardsgrütter Rebekka;NA;NA;Bernhardsgrütter;Rebekka;NA;NA;Zürich;CVP Zürich
Bienz Stefan;NA;NA;Bienz;Stefan;NA;NA;Zürich;CVP Zürich
Boesch Caroline;NA;NA;Boesch;Caroline;NA;NA;Zürich;CVP Zürich
Greter Aurel;NA;NA;Greter;Aurel;NA;NA;Zürich;CVP Zürich
Kunz Stefano;NA;NA;Kunz;Stefano;NA;NA;Zürich;CVP Zürich
Kuster Anwander Iris;NA;NA;Kuster Anwander;Iris;NA;NA;Zürich;CVP Zürich
Sigg Babette;NA;NA;Sigg;Babette;NA;NA;Zürich;CVP Zürich
Utiger Joel;NA;NA;Utiger;Joel;NA;NA;Zürich;CVP Zürich
Wiederkehr Josef;NA;NA;Wiederkehr;Josef;NA;NA;Zürich;CVP Zürich
Arnold Mirjam;NA;NA;Arnold;Mirjam;NA;NA;Zug;CVP Zug Frauen
Costa Ramona;NA;NA;Costa;Ramona;NA;NA;Aargau;CVP#1
Geissmann Julia;NA;NA;Geissmann;Julia;NA;NA;Aargau;CVP#1
Koller-Wiederkehr Béatrice;NA;NA;Koller-Wiederkehr;Béatrice;NA;NA;Aargau;CVP#1
Lòpez-Peduzzi Ilaria;NA;NA;Lòpez-Peduzzi;Ilaria;NA;NA;Aargau;CVP#1
Knüsel Christine;NA;NA;Knüsel;Christine;NA;NA;Aargau;CVP-AZ
Ammann-Bürgi Urs;NA;NA;Ammann-Bürgi;Urs;NA;NA;Aargau;CVP-BZ
Stutz David;NA;NA;Stutz;David;NA;NA;Aargau;CVP-BZ
Rüttimann-Krucker Niklaus;NA;NA;Rüttimann-Krucker;Niklaus;NA;NA;Aargau;CVP-CS
Bucher-Yurko Ivo;NA;NA;Bucher-Yurko;Ivo;NA;NA;Aargau;CVP-E
Burkhard-Ryser Urs;NA;NA;Burkhard-Ryser;Urs;NA;NA;Aargau;CVP-E
Scheidegger Fred;NA;NA;Scheidegger;Fred;NA;NA;Aargau;CVP-FA
Stenico Franziska;NA;NA;Stenico;Franziska;NA;NA;Aargau;CVP-FA
Wick Jacqueline;NA;NA;Wick;Jacqueline;NA;NA;Aargau;CVP-FA
Henzel Thomas;NA;NA;Henzel;Thomas;NA;NA;Aargau;CVP-FT
Steinacher Martin;NA;NA;Steinacher;Martin;NA;NA;Aargau;CVP-FT
Weiss-Winter Herbert;NA;NA;Weiss-Winter;Herbert;NA;NA;Aargau;CVP-FT
Hagenbuch-Tresch Franz;NA;NA;Hagenbuch-Tresch;Franz;NA;NA;Aargau;CVP-LA
Graf Pieren Adelheid;NA;NA;Graf Pieren;Adelheid;NA;NA;Bern;Die Musketiere
Racine Melanie;NA;NA;Racine;Melanie;NA;NA;Solothurn;Digitalisierung
Zingrich Alexander;NA;NA;Zingrich;Alexander;NA;NA;Solothurn;Digitalisierung
Fachinetti Zsola;NA;NA;Fachinetti;Zsola;NA;NA;Aargau;DU - Die Unabhängigen
Berger Mary;NA;NA;Berger;Mary;NA;NA;Zürich;EDU Eidgenössisch-Demokratische Union
Brizza Conny;NA;NA;Brizza;Conny;NA;NA;Zürich;EDU Eidgenössisch-Demokratische Union
Meier Benjamin;NA;NA;Meier;Benjamin;NA;NA;Zürich;EDU Eidgenössisch-Demokratische Union
Walder Daniela;NA;NA;Walder;Daniela;NA;NA;Zürich;EDU Eidgenössisch-Demokratische Union
Baumann Bernhard Urs;NA;NA;Baumann;Bernhard Urs;NA;NA;Bern;Eidgenössisch-Demokratische Union / Union Démocratique Fédérale
Edjeou (Buntschu) Corinne;NA;NA;Edjeou (Buntschu);Corinne;NA;NA;Genf;Ensemble à Gauche - Parti du Travail
Pérez Maria Lou;NA;NA;Pérez;Maria Lou;NA;NA;Genf;Ensemble à Gauche - Parti du Travail
Schnebli Tobias (Tobia);NA;NA;Schnebli;Tobias (Tobia);NA;NA;Genf;Ensemble à Gauche - Parti du Travail
Prezioso Stefania;NA;NA;Prezioso;Stefania;NA;NA;Genf;Ensemble à Gauche · Solidarités - DAL
Alain Riesen;NA;NA;Alain;Riesen;NA;NA;Genf;Ensemble à Gauche · Solidarités sans frontières
Claire Martenot;NA;NA;Claire;Martenot;NA;NA;Genf;Ensemble à Gauche · Solidarités sans frontières
Erica Deuber-Ziegler;NA;NA;Erica;Deuber-Ziegler;NA;NA;Genf;Ensemble à Gauche · Solidarités sans frontières
Florio Togni;NA;NA;Florio;Togni;NA;NA;Genf;Ensemble à Gauche · Solidarités sans frontières
Henriette Stebler;NA;NA;Henriette;Stebler;NA;NA;Genf;Ensemble à Gauche · Solidarités sans frontières
Jacques Mino;NA;NA;Jacques;Mino;NA;NA;Genf;Ensemble à Gauche · Solidarités sans frontières
Marie-Pierre Maystre;NA;NA;Marie-Pierre;Maystre;NA;NA;Genf;Ensemble à Gauche · Solidarités sans frontières
Maryelle Budry;NA;NA;Maryelle;Budry;NA;NA;Genf;Ensemble à Gauche · Solidarités sans frontières
Philippe Sauvin;NA;NA;Philippe;Sauvin;NA;NA;Genf;Ensemble à Gauche · Solidarités sans frontières
Sandro Rossetti;NA;NA;Sandro;Rossetti;NA;NA;Genf;Ensemble à Gauche · Solidarités sans frontières
El-Shikh Ines;NA;NA;El-Shikh;Ines;NA;NA;Genf;Ensemble à Gauche: Egalité pour toutes* et tous*
Nyffeler Françoise;NA;NA;Nyffeler;Françoise;NA;NA;Genf;Ensemble à Gauche: Egalité pour toutes* et tous*
Beerli-Stäheli Nina;NA;NA;Beerli-Stäheli;Nina;NA;NA;Thurgau;Evangelische Volkspartei
Ferenkeh Tarawally;NA;NA;Ferenkeh;Tarawally;NA;NA;Solothurn;Evangelische Volkspartei
Günter-Bolliger Doris;NA;NA;Günter-Bolliger;Doris;NA;NA;Thurgau;Evangelische Volkspartei
Hermann Stefan;NA;NA;Hermann;Stefan;NA;NA;Bern;Evangelische Volkspartei
Rickenbach-Signer Elisabeth;NA;NA;Rickenbach-Signer;Elisabeth;NA;NA;Thurgau;Evangelische Volkspartei
Stieger-Hagen Roger;NA;NA;Stieger-Hagen;Roger;NA;NA;Thurgau;Evangelische Volkspartei
Gugger Nik;NA;NA;Gugger;Nik;NA;NA;Zürich;Evangelische Volkspartei (EVP)
Kläusler Heidi;NA;NA;Kläusler;Heidi;NA;NA;Zürich;Evangelische Volkspartei (EVP)
Mathys Andrina;NA;NA;Mathys;Andrina;NA;NA;Schwyz;Evangelische Volkspartei (EVP)
Omoruyi Ernest;NA;NA;Omoruyi;Ernest;NA;NA;Zürich;Evangelische Volkspartei (EVP)
Pflugshaupt Katharina;NA;NA;Pflugshaupt;Katharina;NA;NA;Zürich;Evangelische Volkspartei (EVP)
Hartmann Nicola Emanuel;NA;NA;Hartmann;Nicola Emanuel;NA;NA;Zürich;Evangelische Volkspartei (EVP) - Junge
Müller Benjamin;NA;NA;Müller;Benjamin;NA;NA;Zürich;Evangelische Volkspartei (EVP) - Junge
Zimmermann Aemisegger Sarah Alexandra;NA;NA;Zimmermann Aemisegger;Sarah Alexandra;NA;NA;Zürich;Evangelische Volkspartei (EVP) - Junge
Bärtschi Fredy;NA;NA;Bärtschi;Fredy;NA;NA;Aargau;EVP
Baumgaertner Lucien;NA;NA;Baumgaertner;Lucien;NA;NA;Aargau;EVP
Suter Helen;NA;NA;Suter;Helen;NA;NA;Aargau;EVP
Andrianjaramahavalisoa Carmen;NA;NA;Andrianjaramahavalisoa;Carmen;NA;NA;Schaffhausen;EVP Kantonalpartei Schaffhausen
Fred Grob;NA;NA;Fred;Grob;NA;NA;Aargau;EVP Plus
Gugelmann-Blank Elisabeth;NA;NA;Gugelmann-Blank;Elisabeth;NA;NA;Aargau;EVP Plus
Hübscher-Oester Bertha;NA;NA;Hübscher-Oester;Bertha;NA;NA;Aargau;EVP Plus
Studer Heinrich Otto;NA;NA;Studer;Heinrich Otto;NA;NA;Aargau;EVP Plus
Wahrstätter Margrit;NA;NA;Wahrstätter;Margrit;NA;NA;Aargau;EVP Plus
Wunderlin Vinzenz Martin;NA;NA;Wunderlin;Vinzenz Martin;NA;NA;Aargau;EVP Plus
Wyler Walter Daniel;NA;NA;Wyler;Walter Daniel;NA;NA;Aargau;EVP Plus
Banholzer Lilian;NA;NA;Banholzer;Lilian;NA;NA;Zürich;EVP-Frauenliste
Boller-Schmidt Maria;NA;NA;Boller-Schmidt;Maria;NA;NA;Zürich;EVP-Frauenliste
Cryer Katrin;NA;NA;Cryer;Katrin;NA;NA;Zürich;EVP-Frauenliste
Ehmann Manuela;NA;NA;Ehmann;Manuela;NA;NA;Zürich;EVP-Frauenliste
Furrer Susanne;NA;NA;Furrer;Susanne;NA;NA;Zürich;EVP-Frauenliste
Göldi Merita;NA;NA;Göldi;Merita;NA;NA;Zürich;EVP-Frauenliste
Ilg Christiane;NA;NA;Ilg;Christiane;NA;NA;Zürich;EVP-Frauenliste
Jufer Andrea;NA;NA;Jufer;Andrea;NA;NA;Zürich;EVP-Frauenliste
Kaplony Angelika;NA;NA;Kaplony;Angelika;NA;NA;Zürich;EVP-Frauenliste
Lüssi Susanne;NA;NA;Lüssi;Susanne;NA;NA;Zürich;EVP-Frauenliste
Monhart Gabi;NA;NA;Monhart;Gabi;NA;NA;Zürich;EVP-Frauenliste
Mülller-Jaag Lisette;NA;NA;Mülller-Jaag;Lisette;NA;NA;Zürich;EVP-Frauenliste
Oram Susanne;NA;NA;Oram;Susanne;NA;NA;Zürich;EVP-Frauenliste
Rauber Mary;NA;NA;Rauber;Mary;NA;NA;Zürich;EVP-Frauenliste
Woodhatch Tania;NA;NA;Woodhatch;Tania;NA;NA;Zürich;EVP-Frauenliste
Chenaux bourquin Evelyne;NA;NA;Chenaux bourquin;Evelyne;NA;NA;Genf;Fédéraction
Marquis Samira;NA;NA;Marquis;Samira;NA;NA;Genf;Fédéraction
Restrepo ramos Rocio;NA;NA;Restrepo ramos;Rocio;NA;NA;Genf;Fédéraction
Thami Reski;NA;NA;Thami;Reski;NA;NA;Genf;Fédéraction
Baudinot Gerold;NA;NA;Baudinot;Gerold;NA;NA;Wallis;FDP die Liberalen
Bellwald Michael;NA;NA;Bellwald;Michael;NA;NA;Wallis;FDP die Liberalen
von Aesch Michael;NA;NA;von Aesch;Michael;NA;NA;Wallis;FDP die Liberalen
Kaiser Branka;NA;NA;Kaiser;Branka;NA;NA;Luzern;FDP Frauen
Kunz Cornelia;NA;NA;Kunz;Cornelia;NA;NA;St. Gallen;FDP Frauen
Meier Hildegard;NA;NA;Meier;Hildegard;NA;NA;Luzern;FDP Frauen
Pool Brigitte;NA;NA;Pool;Brigitte;NA;NA;St. Gallen;FDP Frauen
Schmid Rosy;NA;NA;Schmid;Rosy;NA;NA;Luzern;FDP Frauen
Supersaxo Freiburghaus Karin;NA;NA;Supersaxo Freiburghaus;Karin;NA;NA;Luzern;FDP Frauen
Franzen Ann Barbara;NA;NA;Franzen;Ann Barbara;NA;NA;Zürich;FDP Zürich
Müller-Wegner André;NA;NA;Müller-Wegner;André;NA;NA;Zürich;FDP Zürich
Zürcher Martina;NA;NA;Zürcher;Martina;NA;NA;Zürich;FDP Zürich
Benninger Brun Claudia;NA;NA;Benninger Brun;Claudia;NA;NA;Zug;FDP Zug - A
Büchel Caroline;NA;NA;Büchel;Caroline;NA;NA;St. Gallen;FDP.Die Liberalen
Ellenberger-Richli Claudia;NA;NA;Ellenberger-Richli;Claudia;NA;NA;Schaffhausen;FDP.Die Liberalen
Gautschi Nadine;NA;NA;Gautschi;Nadine;NA;NA;Basel-Stadt;FDP.Die Liberalen
Markart-Kaufmann Ingrid;NA;NA;Markart-Kaufmann;Ingrid;NA;NA;St. Gallen;FDP.Die Liberalen
Norbu Shitsetsang Jigme;NA;NA;Norbu Shitsetsang;Jigme;NA;NA;St. Gallen;FDP.Die Liberalen
Nüssli-Kaiser Nicole;NA;NA;Nüssli-Kaiser;Nicole;NA;NA;Basel-Landschaft;FDP.Die Liberalen
Sartorius Karin;NA;NA;Sartorius;Karin;NA;NA;Basel-Stadt;FDP.Die Liberalen
Sorato Carla;NA;NA;Sorato;Carla;NA;NA;Basel-Stadt;FDP.Die Liberalen
Steinegger Matthias;NA;NA;Steinegger;Matthias;NA;NA;Uri;FDP.Die Liberalen
Wasserfallen Christan;NA;NA;Wasserfallen;Christan;NA;NA;Bern;FDP.Die Liberalen
Müller Marlene;NA;NA;Müller;Marlene;NA;NA;Schwyz;FDP.Die Liberalen - Hauptliste
Schurtenberger Helen;NA;NA;Schurtenberger;Helen;NA;NA;Luzern;FDP.Die Liberalen (Hauptliste)
Hasler Cornelia;NA;NA;Hasler;Cornelia;NA;NA;Thurgau;FDP.Die Liberalen / Frauenliste
Mukawel Jehans;NA;NA;Mukawel;Jehans;NA;NA;St. Gallen;FDP.Die Liberalen, Jungfreisinnige
Camenzind Nadja;NA;NA;Camenzind;Nadja;NA;NA;Schwyz;Gemeinsam fürs Schwyzer Gewerbe
Schelbert Andrea;NA;NA;Schelbert;Andrea;NA;NA;Schwyz;Gemeinsam fürs Schwyzer Gewerbe
Wyss Daniel;NA;NA;Wyss;Daniel;NA;NA;Solothurn;Gesellschaftsliberalismus
Caggìa Federica;NA;NA;Caggìa;Federica;NA;NA;Tessin;Gioventù Socialista
Bättig Michèle;NA;NA;Bättig;Michèle;NA;NA;Zürich;glp UnternehmerInnen
Cochard Francois;NA;NA;Cochard;Francois;NA;NA;Zürich;glp UnternehmerInnen
Knecht Severin;NA;NA;Knecht;Severin;NA;NA;Zürich;glp UnternehmerInnen
Rump Flavio;NA;NA;Rump;Flavio;NA;NA;Zürich;glp UnternehmerInnen
Schlauri Simon;NA;NA;Schlauri;Simon;NA;NA;Zürich;glp UnternehmerInnen
Anders Vera;NA;NA;Anders;Vera;NA;NA;Zürich;Grüne
Bucher Nöelle;NA;NA;Bucher;Nöelle;NA;NA;Luzern;Grüne
Glauser Tamy;NA;NA;Glauser;Tamy;NA;NA;Zürich;Grüne
Reiss Gabi;NA;NA;Reiss;Gabi;NA;NA;Zürich;Grüne
Steiner Kathy;NA;NA;Steiner;Kathy;NA;NA;Zürich;Grüne
Von Scarpatetti Beat;NA;NA;Von Scarpatetti;Beat;NA;NA;Basel-Landschaft;Grüne
Brügger Daniel;NA;NA;Brügger;Daniel;NA;NA;Bern;Grüne - Les Verts
Stucki Carine;NA;NA;Stucki;Carine;NA;NA;Bern;Grüne - Les Verts
Wüthrich Andreas;NA;NA;Wüthrich;Andreas;NA;NA;Waadt;Grüne - Les Verts
Beer Schuler Betty;NA;NA;Beer Schuler;Betty;NA;NA;St. Gallen;Grüne KlimaseniorInnen
Faust Richard;NA;NA;Faust;Richard;NA;NA;St. Gallen;Grüne KlimaseniorInnen
Scheuble Magie;NA;NA;Scheuble;Magie;NA;NA;St. Gallen;Grüne KlimaseniorInnen
Jossen Carmen;NA;NA;Jossen;Carmen;NA;NA;Wallis;Grüne Oberwallis
Kappeler Toni;NA;NA;Kappeler;Toni;NA;NA;Thurgau;Grüne Panther Thurgau
Feuerle Didi;NA;NA;Feuerle;Didi;NA;NA;Thurgau;Grüne Partei Thurgau
Sauter-Müller Regula Esther;NA;NA;Sauter-Müller;Regula Esther;NA;NA;Schaffhausen;Grüne Schaffhausen
Bruinink Arend;NA;NA;Bruinink;Arend;NA;NA;Zürich;Grüne, MigrantInnen und Second@s
Calvo Salgado Luis Manuel;NA;NA;Calvo Salgado;Luis Manuel;NA;NA;Zürich;Grüne, MigrantInnen und Second@s
L’Orange Seigo Selma;NA;NA;L’Orange Seigo;Selma;NA;NA;Zürich;Grüne, MigrantInnen und Second@s
Malapati Samuel;NA;NA;Malapati;Samuel;NA;NA;Zürich;Grüne, MigrantInnen und Second@s
Pavone Francisco;NA;NA;Pavone;Francisco;NA;NA;Zürich;Grüne, MigrantInnen und Second@s
Phillips Peter David;NA;NA;Phillips;Peter David;NA;NA;Zürich;Grüne, MigrantInnen und Second@s
Ruff Sabina;NA;NA;Ruff;Sabina;NA;NA;St. Gallen;Grünliberale (glp) - Hauptliste
Schäfer Jorim Elias;NA;NA;Schäfer;Jorim Elias;NA;NA;Thurgau;Grünliberale – Engagiert
Fisch Ueli (Ulrich);NA;NA;Fisch;Ueli (Ulrich);NA;NA;Thurgau;Grünliberale Partei
Huser Claudia;NA;NA;Huser;Claudia;NA;NA;Luzern;Grünliberale Partei
Özvegyi Andràs;NA;NA;Özvegyi;Andràs;NA;NA;Luzern;Grünliberale Partei
Peter Dominik;NA;NA;Peter;Dominik;NA;NA;Aargau;Grünliberale Partei
Siegrist-Bachmann Renata;NA;NA;Siegrist-Bachmann;Renata;NA;NA;Aargau;Grünliberale Partei
Somm Klemenz;NA;NA;Somm;Klemenz;NA;NA;Thurgau;Grünliberale Partei
Niklaus Renate;NA;NA;Niklaus;Renate;NA;NA;Bern;Grünliberale Partei KMU
Bellaiche Judith;NA;NA;Bellaiche;Judith;NA;NA;Zürich;Grünliberale Partei Zürich
Moser Tiana;NA;NA;Moser;Tiana;NA;NA;Zürich;Grünliberale Partei Zürich
Roy Shaibal;NA;NA;Roy;Shaibal;NA;NA;Zürich;Grünliberale Partei Zürich
Scherrer Benno;NA;NA;Scherrer;Benno;NA;NA;Zürich;Grünliberale Partei Zürich
Schwarzenbach Beni;NA;NA;Schwarzenbach;Beni;NA;NA;Zürich;Grünliberale Partei Zürich
Faes Elisa;NA;NA;Faes;Elisa;NA;NA;St. Gallen;GRÜNE Junge Grüne
Hess Pablo;NA;NA;Hess;Pablo;NA;NA;Zürich;Integrale Politik (IP)
Reinhart Anita;NA;NA;Reinhart;Anita;NA;NA;Zürich;Integrale Politik (IP)
Schnyder Corinne Anna;NA;NA;Schnyder;Corinne Anna;NA;NA;Schwyz;JCVP
Gança Marques Luis Paulo;NA;NA;Gança Marques;Luis Paulo;NA;NA;Zürich;JCVP Kanton Zürich
Guggisberger Renja;NA;NA;Guggisberger;Renja;NA;NA;Zürich;JCVP Kanton Zürich
Milosavljevic Nenad;NA;NA;Milosavljevic;Nenad;NA;NA;Zürich;JCVP Kanton Zürich
Ruggli Jérôme M.A.;NA;NA;Ruggli;Jérôme M.A.;NA;NA;Zürich;JCVP Kanton Zürich
Merz Petra;NA;NA;Merz;Petra;NA;NA;Thurgau;JCVP Thurgau
Nesme Cindy;NA;NA;Nesme;Cindy;NA;NA;Freiburg;JDC Fribourg Grand-Fribourg
de Morsier Sébastien;NA;NA;de Morsier;Sébastien;NA;NA;Wallis;Jeune Vert-e-s Valais
Muehlethaler Brice;NA;NA;Muehlethaler;Brice;NA;NA;Bern;Jeunes Libéraux Radicaux
Allouache (Aoued) Hanane;NA;NA;Allouache (Aoued);Hanane;NA;NA;Genf;Jeunes Vert-e-s
Genton Paul-Camille;NA;NA;Genton;Paul-Camille;NA;NA;Waadt;Jeunes vert-e-s vaudois-e-s (JVVD)
Jara Tomas;NA;NA;Jara;Tomas;NA;NA;Waadt;Jeunes vert-e-s vaudois-e-s (JVVD)
von Fliedner Saskia;NA;NA;von Fliedner;Saskia;NA;NA;Waadt;Jeunes vert-e-s vaudois-e-s (JVVD)
Mosoba Immaculée;NA;NA;Mosoba;Immaculée;NA;NA;Freiburg;Jeunesse socialiste fribourgeoise
Suarez Alvarez Oxel;NA;NA;Suarez Alvarez;Oxel;NA;NA;Freiburg;Jeunesse socialiste fribourgeoise
Tinguely Léo;NA;NA;Tinguely;Léo;NA;NA;Freiburg;Jeunesse socialiste fribourgeoise
Açig Berfin;NA;NA;Açig;Berfin;NA;NA;Genf;Jeunesse socialiste genevoise
Barras Benoit;NA;NA;Barras;Benoit;NA;NA;Wallis;Jeunesse socialiste Sierre région
Boozarjohmehri Darius;NA;NA;Boozarjohmehri;Darius;NA;NA;Wallis;Jeunesse socialiste Sion-Hérens-Conthey
Perruchoud Alexandra;NA;NA;Perruchoud;Alexandra;NA;NA;Wallis;Jeunesse socialiste Sion-Hérens-Conthey
Amy Jeanne;NA;NA;Amy;Jeanne;NA;NA;Waadt;Jeunesse socialiste vaudoise - JSV
Janeiro Margarida (Maggy);NA;NA;Janeiro;Margarida (Maggy);NA;NA;Waadt;Jeunesse socialiste vaudoise - JSV
Freiermuth Fabienne;NA;NA;Freiermuth;Fabienne;NA;NA;Aargau;JSVP Aargau
Liebi Markus;NA;NA;Liebi;Markus;NA;NA;Aargau;JSVP Aargau
Feldmann Laura;NA;NA;Feldmann;Laura;NA;NA;Bern;Junge Alternative JA!
Tscholl Silvan Bruno;NA;NA;Tscholl;Silvan Bruno;NA;NA;Graubünden;Junge BDP Graubünden
Denoth Jon Peider;NA;NA;Denoth;Jon Peider;NA;NA;Thurgau;Junge Evangelische Volkspartei
Lussi Nicolas;NA;NA;Lussi;Nicolas;NA;NA;Zürich;Junge Grüne
Mestre Teresa;NA;NA;Mestre;Teresa;NA;NA;Luzern;Junge Grüne
Müller Linda;NA;NA;Müller;Linda;NA;NA;Zürich;Junge Grüne
Pfeuti Rahel;NA;NA;Pfeuti;Rahel;NA;NA;Zürich;Junge Grüne
Zeilstra Anna;NA;NA;Zeilstra;Anna;NA;NA;Bern;Junge Grüne / Jeunes Vert-e-s
Blonk Sophie;NA;NA;Blonk;Sophie;NA;NA;Zürich;Junge Grünliberale
Isenrich Florin;NA;NA;Isenrich;Florin;NA;NA;Zürich;Junge Grünliberale
Näf Melissa;NA;NA;Näf;Melissa;NA;NA;Zürich;Junge Grünliberale
Voellmy Xenia Eja Magdalena;NA;NA;Voellmy;Xenia Eja Magdalena;NA;NA;Zürich;Junge Grünliberale
Späti Julia;NA;NA;Späti;Julia;NA;NA;Solothurn;Junge Grünliberale Partei
Betschart Martin Ulrich;NA;NA;Betschart;Martin Ulrich;NA;NA;Basel-Stadt;Junge Grünliberale Partei Mitte
Grüninger Victoria;NA;NA;Grüninger;Victoria;NA;NA;Basel-Stadt;Junge Grünliberale Partei Mitte
Muster Samira-Luzia;NA;NA;Muster;Samira-Luzia;NA;NA;Solothurn;Junge SP Region Olten
Baur Micha;NA;NA;Baur;Micha;NA;NA;Zürich;Junge SVP
Gianola Luciano;NA;NA;Gianola;Luciano;NA;NA;Zürich;Junge SVP
Kindlimann Mike;NA;NA;Kindlimann;Mike;NA;NA;Zürich;Junge SVP
Staubli Severin;NA;NA;Staubli;Severin;NA;NA;Zürich;Junge SVP
Ab Yberg Fabian;NA;NA;Ab Yberg;Fabian;NA;NA;Schwyz;Jungfreisinnige
Klöti Philipp;NA;NA;Klöti;Philipp;NA;NA;Aargau;Jungfreisinnige
Manorajithan Nirosh;NA;NA;Manorajithan;Nirosh;NA;NA;St. Gallen;Jungfreisinnige
Lara Broennimann;NA;NA;Lara;Broennimann;NA;NA;Basel-Stadt;Jungfreisinnige Basel-Stadt
Leon Gaugler;NA;NA;Leon;Gaugler;NA;NA;Basel-Stadt;Jungfreisinnige Basel-Stadt
Michelle Borner;NA;NA;Michelle;Borner;NA;NA;Basel-Stadt;Jungfreisinnige Basel-Stadt
Nicolas Rotzler;NA;NA;Nicolas;Rotzler;NA;NA;Basel-Stadt;Jungfreisinnige Basel-Stadt
Titus Hell;NA;NA;Titus;Hell;NA;NA;Basel-Stadt;Jungfreisinnige Basel-Stadt
Poopalapillai Saambavi;NA;NA;Poopalapillai;Saambavi;NA;NA;Bern;Jungfreisinnige Bern Land
Rutschmann Joel Cedric;NA;NA;Rutschmann;Joel Cedric;NA;NA;Bern;Jungfreisinnige Bern Land
Steffen Loris Noel;NA;NA;Steffen;Loris Noel;NA;NA;Bern;Jungfreisinnige Bern Land
Willi Adrian Franz;NA;NA;Willi;Adrian Franz;NA;NA;Bern;Jungfreisinnige Bern Land
Brenzikoffer Sarah;NA;NA;Brenzikoffer;Sarah;NA;NA;Bern;Jungfreisinnige Bern Stadt
Gsteiger Viktor Urban;NA;NA;Gsteiger;Viktor Urban;NA;NA;Bern;Jungfreisinnige Bern Stadt
Mordasini Semiramis;NA;NA;Mordasini;Semiramis;NA;NA;Bern;Jungfreisinnige Bern Stadt
Muehlethaler Brice Axel;NA;NA;Muehlethaler;Brice Axel;NA;NA;Bern;Jungfreisinnige Bern Stadt
Suresh Sujine;NA;NA;Suresh;Sujine;NA;NA;Bern;Jungfreisinnige Bern Stadt
Brotschi Marco Zeno;NA;NA;Brotschi;Marco Zeno;NA;NA;Zürich;Jungfreisinnige Kanton Zürich
Conrad Manuel;NA;NA;Conrad;Manuel;NA;NA;Zürich;Jungfreisinnige Kanton Zürich
De Viragh Balian;NA;NA;De Viragh;Balian;NA;NA;Zürich;Jungfreisinnige Kanton Zürich
Mancuso Cabello Cristina;NA;NA;Mancuso Cabello;Cristina;NA;NA;Zürich;Jungfreisinnige Kanton Zürich
Mohammed Abdullah;NA;NA;Mohammed;Abdullah;NA;NA;Zürich;Jungfreisinnige Kanton Zürich
Faccio Vasquez Mayra Kyra;NA;NA;Faccio Vasquez;Mayra Kyra;NA;NA;Bern;Jungsozialist*innen
Schulthess Leon;NA;NA;Schulthess;Leon;NA;NA;Luzern;JungsozialistInnen Stadt Luzern
Stalder Severin;NA;NA;Stalder;Severin;NA;NA;Luzern;JungsozialistInnen Stadt Luzern
Keller Sina Sophia;NA;NA;Keller;Sina Sophia;NA;NA;Thurgau;JungsozialistInnen und Gewerkschaftsjugend
Dilekci Seyran;NA;NA;Dilekci;Seyran;NA;NA;Basel-Stadt;JUSO Basel-Stadt Liste 1
Vischer Heinrich;NA;NA;Vischer;Heinrich;NA;NA;Basel-Stadt;LDP - Liberal-Demokratische Partei
de Sainte-Marie Romain;NA;NA;de Sainte-Marie;Romain;NA;NA;Genf;Les Socialistes
de Rougemont Philippe;NA;NA;de Rougemont;Philippe;NA;NA;Genf;Les Vert.e.s
Marchesini Francesca;NA;NA;Marchesini;Francesca;NA;NA;Genf;Les Vert.e.s
de Maio Sara;NA;NA;de Maio;Sara;NA;NA;Genf;Les Vert.e.s transfrontaliers.ères
Fumeaux Nicole;NA;NA;Fumeaux;Nicole;NA;NA;Wallis;Les Verts - Valais Romand
Robert-Charrue Linder Céline;NA;NA;Robert-Charrue Linder;Céline;NA;NA;Jura;Les Verts jurassiens
Peyraud Alexandre Jaques Bernard;NA;NA;Peyraud;Alexandre Jaques Bernard;NA;NA;Genf;Les Verts libéraux
"Lepori Flavio \Sarota\""""";NA;NA;Lepori;"Flavio \Sarota\""""";NA;NA;Tessin;Lista civica: per la proibizione ASSOLUTA d'internare minorenni da parte dei Cantoni svizzeri
Pillier-Carrard Valérie;NA;NA;Pillier-Carrard;Valérie;NA;NA;Freiburg;Liste 2 Parti socialiste fribourgeois
Hofer Michael;NA;NA;Hofer;Michael;NA;NA;Basel-Landschaft;Liste Michael Hofer
Roch Ana;NA;NA;Roch;Ana;NA;NA;Genf;MCG - Mouvement Citoyens genevois
Valentin Francisco;NA;NA;Valentin;Francisco;NA;NA;Genf;MCG - Mouvement Citoyens genevois
Schmidlin Martin Rolf;NA;NA;Schmidlin;Martin Rolf;NA;NA;Bern;Menschen mit Zukunft sagen 5G ade!
Baumann-Fässler Christina;Baumann-Fässler;Christina;NA;NA;5;1;NA;NA
Bucher Noëlle;Bucher;Noëlle;Bucher;Nöelle;3;1;NA;NA
Fehr Düsel Ursina (Nina);Fehr Düsel;Ursina (Nina);Fehr Düsel;Nina;1;1;NA;NA
Fischer Benjamin (Beni);Fischer;Benjamin (Beni);Fischer;Benjamin;1;1;NA;NA
Heer Alfred (Fredi);Heer;Alfred (Fredi);Heer;Alfred;1;1;NA;NA
Huber Roland A.;Huber;Roland A.;Huber;Roland Alfred;20;1;NA;NA
Hurter Thomas;Hurter;Thomas;NA;NA;14;1;NA;NA
Mettler Alfred (Fredi);Mettler;Alfred (Fredi);Mettler;Alfred;20;1;NA;NA
Meyer Lötscher Anne;Meyer Lötscher;Anne;Meyer Loetscher;Anne;10;1;NA;NA
Mundt Michael;Mundt;Michael;NA;NA;14;1;NA;NA
Nüssli Nicole;Nüssli;Nicole;Nüssli-Kaiser;Nicole;13;1;NA;NA
Schneider Sandra;Schneider;Sandra;Schneider Herzig;Sandra;2;1;NA;NA
Tricarico Michel;Tricarico;Michel;Tricarico;Michele;21;1;NA;NA
Tscholl Silvan;Tscholl;Silvan;Tscholl;Silvan Bruno;18;1;NA;NA
von Siebenthal Erich;von Siebenthal;Erich;von Siebenthal-Glauser;Erich;2;1;NA;NA
Zurfluh Fraefel Christina;Zurfluh Fraefel;Christina;Zurfluh;Christina;1;1;NA;NA
Amy-Moret Jeanne;Amy-Moret;Jeanne;Amy;Jeanne;22;2;NA;NA
Brändle-Amolo Yvonne Apiyo;Brändle-Amolo;Yvonne Apiyo;Apiyo Brändle-Amolo;Yvonne;1;2;NA;NA
De Sainte-Marie Romain;De Sainte-Marie;Romain;de Sainte-Marie;Romain;25;2;NA;NA
Friedli-Johnson Aurélie;Friedli-Johnson;Aurélie;NA;NA;25;2;NA;NA
Gasser Luke;Gasser;Luke;NA;NA;6;2;NA;NA
Janeiro Maggy;Janeiro;Maggy;Janeiro;Margarida (Maggy);22;2;NA;NA
Lepori «Sarota» Flavio;Lepori «Sarota»;Flavio;Lepori;"Flavio \Sarota\""""";21;2;NA;NA
Loss Davide;Loss;Davide;Loss;David;1;2;NA;NA
Patierno-Brücker Sandro;Patierno-Brücker;Sandro;Patierno;Sandro;5;2;NA;NA
Bärtschi Daniela;Bärtschi;Daniela;NA;NA;2;3;NA;NA
De Rougemont Philippe;De Rougemont;Philippe;de Rougemont;Philippe;25;3;NA;NA
Ellenberger Claudia;Ellenberger;Claudia;Ellenberger-Richli;Claudia;14;3;NA;NA
Franzen Barbara;Franzen;Barbara;Franzen;Ann Barbara;1;3;NA;NA
Hässig Kornelia;Hässig;Kornelia;Hässig Vinzens;Kornelia;2;3;NA;NA
Hofer-Kühne Rita;Hofer-Kühne;Rita;NA;NA;9;3;NA;NA
Marchesini Forel Francesca;Marchesini Forel;Francesca;Marchesini;Francesca;25;3;NA;NA
Müller André;Müller;André;NA;NA;1;3;NA;NA
Pfister Gian-Reto;Pfister;Gian-Reto;Pfister;Gian;18;3;NA;NA
Portmann Isabella-Maria (Isabelle);Portmann;Isabella-Maria (Isabelle);Portmann;Isabelle;10;3;NA;NA
Schnyder Corinne;Schnyder;Corinne;Schnyder;Corinne Anna;5;3;NA;NA
Striffeler-Mürset Elisabeth;Striffeler-Mürset;Elisabeth;Striffeler;Elisabeth;2;3;NA;NA
Vischer Heiner;Vischer;Heiner;Vischer;Heinrich;12;3;NA;NA
Zemp Baumgartner Yvonne;Zemp Baumgartner;Yvonne;Zemp;Yvonne;3;3;NA;NA
Zopfi Mathias;Zopfi;Mathias;NA;NA;8;3;NA;NA
Zürcher-Böni Martina;Zürcher-Böni;Martina;Zürcher;Martina;1;3;NA;NA
Acig Berfin;Acig;Berfin;Açig;Berfin;25;4;NA;NA
Béglé Claudio;Béglé;Claudio;Béglé Herrera;Claudio;22;4;NA;NA
Bellaïche Judith;Bellaïche;Judith;Bellaiche;Judith;1;4;NA;NA
Caggia Federica;Caggia;Federica;Caggìa;Federica;21;4;NA;NA
Ebnöther Julian;Ebnöther;Julian;Ebnother-Parker;Julian;22;4;NA;NA
Leuzinger Thomas (Leuz);Leuzinger;Thomas (Leuz);Leuzinger;Thomas;14;4;NA;NA
Moser Tiana Angelina;Moser;Tiana Angelina;Moser;Tiana;1;4;NA;NA
Özvegyi András;Özvegyi;András;Özvegyi;Andràs;3;4;NA;NA
Pinto de Magalhães Halua;Pinto de Magalhães;Halua;Pinto de Magalhaes;Halua Alberto;2;4;NA;NA
Scherrer Benno Karl;Scherrer;Benno Karl;Scherrer;Benno;1;4;NA;NA
Schwarzenbach Benjamin (Beni);Schwarzenbach;Benjamin (Beni);Schwarzenbach;Beni;1;4;NA;NA
Shaibal Roy;Shaibal;Roy;NA;NA;1;4;NA;NA
Andrey Simon;Andrey;Simon;NA;NA;22;5;NA;NA
Barandun-Gross Nicole;Barandun-Gross;Nicole;Barandun;Nicole;1;5;NA;NA
Bernhardsgrütter Derungs Rebekka;Bernhardsgrütter Derungs;Rebekka;Bernhardsgrütter;Rebekka;1;5;NA;NA
Bienz Stephan;Bienz;Stephan;Bienz;Stefan;1;5;NA;NA
Blanc Claire-May;Blanc;Claire-May;NA;NA;22;5;NA;NA
Boesch Vogel Caroline;Boesch Vogel;Caroline;Boesch;Caroline;1;5;NA;NA
Cardon Léonie;Cardon;Léonie;NA;NA;22;5;NA;NA
Chatton Angélique;Chatton;Angélique;NA;NA;22;5;NA;NA
De Montmollin Simone;De Montmollin;Simone;de Montmollin;Simone;25;5;NA;NA
De Senarclens Alexandre;De Senarclens;Alexandre;de Senarclens;Alexandre;25;5;NA;NA
Deley Maeva;Deley;Maeva;NA;NA;22;5;NA;NA
Demay Alice;Demay;Alice;NA;NA;22;5;NA;NA
Duay Justine;Duay;Justine;NA;NA;22;5;NA;NA
Genton Virginie;Genton;Virginie;NA;NA;22;5;NA;NA
Glanzmann-Hunkeler Ida;Glanzmann-Hunkeler;Ida;Glanzmann;Ida;3;5;NA;NA
Greter Aurèle (Aurel);Greter;Aurèle (Aurel);Greter;Aurel;1;5;NA;NA
Küng Julia Jana;Küng;Julia Jana;Küng;Julia;9;5;NA;NA
Kunz Stefan (Stefano);Kunz;Stefan (Stefano);Kunz;Stefano;1;5;NA;NA
Kuster Iris;Kuster;Iris;Kuster Anwander;Iris;1;5;NA;NA
Leuba Alexandra;Leuba;Alexandra;NA;NA;22;5;NA;NA
Meige Claire;Meige;Claire;NA;NA;22;5;NA;NA
Perez Danaé;Perez;Danaé;NA;NA;22;5;NA;NA
Piovano Victor;Piovano;Victor;NA;NA;22;5;NA;NA
Praz Joël Swai;Praz;Joël Swai;NA;NA;22;5;NA;NA
Rossi Nicolas;Rossi;Nicolas;NA;NA;22;5;NA;NA
Rüegger-Hurschler Monika;Rüegger-Hurschler;Monika;Rüegger;Monika;6;5;NA;NA
Rupp Clea;Rupp;Clea;NA;NA;22;5;NA;NA
Safaï Helen;Safaï;Helen;NA;NA;22;5;NA;NA
Saugy Raphaël;Saugy;Raphaël;NA;NA;22;5;NA;NA
Schulthess Margaud;Schulthess;Margaud;NA;NA;22;5;NA;NA
Sigg Frank Babette;Sigg Frank;Babette;Sigg;Babette;1;5;NA;NA
Utiger Joël;Utiger;Joël;Utiger;Joel;1;5;NA;NA
Vallon Nicolas;Vallon;Nicolas;NA;NA;22;5;NA;NA
Wiederkehr Josef (Gius);Wiederkehr;Josef (Gius);Wiederkehr;Josef;1;5;NA;NA
Anders Oettli Vera;Anders Oettli;Vera;Anders;Vera;1;6;NA;NA
Borner Michelle;Borner;Michelle;NA;NA;12;6;NA;NA
Brönnimann Lara;Brönnimann;Lara;NA;NA;12;6;NA;NA
Catrina Gianna;Catrina;Gianna;Catrina;Gianna Lisa;18;6;NA;NA
Dupertuis Michaël;Dupertuis;Michaël;Dupertuis;Michael;22;6;NA;NA
Faccio Mayra Kyra;Faccio;Mayra Kyra;Faccio Vasquez;Mayra Kyra;2;6;NA;NA
Gaugler Leon;Gaugler;Leon;NA;NA;12;6;NA;NA
Hell Titus;Hell;Titus;NA;NA;12;6;NA;NA
Maitre Suzanne;Maitre;Suzanne;Maitre-Schindelholz;Suzanne;26;6;NA;NA
Müller-Diethelm Marlene;Müller-Diethelm;Marlene;Müller;Marlene;5;6;NA;NA
Muster Samira;Muster;Samira;Muster;Samira-Luzia;11;6;NA;NA
Reiss-Wenger Gabriela (Gabi);Reiss-Wenger;Gabriela (Gabi);Reiss;Gabi;1;6;NA;NA
Rotzler Nicolas;Rotzler;Nicolas;NA;NA;12;6;NA;NA
Sauter Regula;Sauter;Regula;Sauter-Müller;Regula Esther;14;6;NA;NA
Schurtenberger-Häfliger Helen;Schurtenberger-Häfliger;Helen;Schurtenberger;Helen;3;6;NA;NA
Steiner Katharina (Kathy);Steiner;Katharina (Kathy);Steiner;Kathy;1;6;NA;NA
Weber Céline;Weber;Céline;Weber-Koppenburg;Céline;22;6;NA;NA
Alami Fouad;Alami;Fouad;NA;NA;23;7;NA;NA
Arnold-Herrmann Mirjam;Arnold-Herrmann;Mirjam;NA;NA;9;7;NA;NA
Balmer Sascha;Balmer;Sascha;NA;NA;1;7;NA;NA
Beerli Nina;Beerli;Nina;Beerli-Stäheli;Nina;20;7;NA;NA
Bolomey Pierre-Alain;Bolomey;Pierre-Alain;NA;NA;23;7;NA;NA
Brenneis-Hobi Manuela;Brenneis-Hobi;Manuela;Brenneis;Manuela;12;7;NA;NA
Brunetti Armin;Brunetti;Armin;NA;NA;3;7;NA;NA
Bühler-Gerber Christine;Bühler-Gerber;Christine;Bühler;Christine;2;7;NA;NA
Camenisch Räto;Camenisch;Räto;Camenisch;Räto B.;3;7;NA;NA
Camenzind-Krähenbühl Nadja;Camenzind-Krähenbühl;Nadja;Camenzind;Nadja;5;7;NA;NA
Cutruzzola Francine;Cutruzzola;Francine;NA;NA;23;7;NA;NA
Egli Heinz;Egli;Heinz;Eglli;Heinz;2;7;NA;NA
Epiney Pierre-Marie;Epiney;Pierre-Marie;NA;NA;23;7;NA;NA
Faustinelli Stéphane;Faustinelli;Stéphane;NA;NA;23;7;NA;NA
Gübeli-Grütter Charlotte Barbara;Gübeli-Grütter;Charlotte Barbara;Gübeli-Grütter;Charlotte;2;7;NA;NA
Günter Doris;Günter;Doris;Günter-Bolliger;Doris;20;7;NA;NA
Huguenin-Bergenat Cyril;Huguenin-Bergenat;Cyril;Huguenin;Cyril;25;7;NA;NA
Imhof Ursula;Imhof;Ursula;NA;NA;23;7;NA;NA
Jobin Soumahoro Caroline;Jobin Soumahoro;Caroline;Jobin;Caroline;22;7;NA;NA
Knellwolf Andrea;Knellwolf;Andrea;Knellwolf;Andrea Elisabeth;12;7;NA;NA
Knöpfli Hans Rudolf (Knö);Knöpfli;Hans Rudolf (Knö);Knöpfli;Hansruedi;1;7;NA;NA
Landolt Jonathan Felix;Landolt;Jonathan Felix;Landolt;Jonathan;1;7;NA;NA
Lauper-Duss Erika;Lauper-Duss;Erika;Lauper;Erika;3;7;NA;NA
Lüthi Martin (Heinrich Gartentor);Lüthi;Martin (Heinrich Gartentor);Lüthi (Gartentor);Martin;2;7;NA;NA
Manzoni Joa;Manzoni;Joa;Manzoni;Joaquim;22;7;NA;NA
Mudry Doris;Mudry;Doris;NA;NA;23;7;NA;NA
Mukamba Moyo Augustin;Mukamba Moyo;Augustin;Mukamba;Augustin;22;7;NA;NA
Rappa Francesco;Rappa;Francesco;Rappa;Francesco Marco;2;7;NA;NA
Rickenbach Elisabeth;Rickenbach;Elisabeth;Rickenbach-Signer;Elisabeth;20;7;NA;NA
Schelbert-Kopp Andrea;Schelbert-Kopp;Andrea;Schelbert;Andrea;5;7;NA;NA
Seydoux Brigitte;Seydoux;Brigitte;NA;NA;23;7;NA;NA
Stahel Honegger Brigitta;Stahel Honegger;Brigitta;Stahel;Brigitta;1;7;NA;NA
Stieger Roger;Stieger;Roger;Stieger-Hagen;Roger;20;7;NA;NA
Darbellay Valentine;Darbellay;Valentine;Darbellay;Valentina;23;8;NA;NA
Guerra Michele;Guerra;Michele;NA;NA;21;8;NA;NA
Gugger Niklaus (Nik);Gugger;Niklaus (Nik);Gugger;Nik;1;8;NA;NA
Mestre Sewing Teresa;Mestre Sewing;Teresa;Mestre;Teresa;3;8;NA;NA
Moser Salomon Johann;Moser;Salomon Johann;Moser;Salomon;2;8;NA;NA
Muff Kai Noah;Muff;Kai Noah;Muff;Kai;2;8;NA;NA
Omoruyi Ernest (Amos);Omoruyi;Ernest (Amos);Omoruyi;Ernest;1;8;NA;NA
Pflugshaupt Katharina (Kati);Pflugshaupt;Katharina (Kati);Pflugshaupt;Katharina;1;8;NA;NA
Riesen Thomas;Riesen;Thomas;Riesen;Thomas Markus;20;8;NA;NA
Vergeat Jo;Vergeat;Jo;NA;NA;12;8;NA;NA
Wahli Tom;Wahli;Tom;NA;NA;22;8;NA;NA
Andrianjaramahavalisoa-Schwager Carmen;Andrianjaramahavalisoa-Schwager;Carmen;Andrianjaramahavalisoa;Carmen;14;9;NA;NA
Keller Sina;Keller;Sina;Keller;Sina Sophia;20;9;NA;NA
Lussi Nicolás;Lussi;Nicolás;Lussi;Nicolas;1;9;NA;NA
Pfeuti Rahel Carmen;Pfeuti;Rahel Carmen;Pfeuti;Rahel;1;9;NA;NA
Barras Benoît;Barras;Benoît;Barras;Benoit;23;10;NA;NA
Brenzikofer Sarah;Brenzikofer;Sarah;Brenzikoffer;Sarah;2;10;NA;NA
Conrad Manuel (Manu);Conrad;Manuel (Manu);Conrad;Manuel;1;10;NA;NA
de Viragh Balian;de Viragh;Balian;De Viragh;Balian;1;10;NA;NA
Gsteiger Viktor;Gsteiger;Viktor;Gsteiger;Viktor Urban;2;10;NA;NA
Hasler-Roost Cornelia;Hasler-Roost;Cornelia;Hasler;Cornelia;20;10;NA;NA
Kälin Neuner-Jehle Karin;Kälin Neuner-Jehle;Karin;Kälin;Karin;11;10;NA;NA
Luzio Gianna;Luzio;Gianna;Luzio Wieser;Gianna;18;10;NA;NA
Mancuso Cabello Cristina (Cris);Mancuso Cabello;Cristina (Cris);Mancuso Cabello;Cristina;1;10;NA;NA
Minder Yannick;Minder;Yannick;NA;NA;1;10;NA;NA
Mohammed Hashim Abdullah;Mohammed Hashim;Abdullah;Mohammed;Abdullah;1;10;NA;NA
Mordasini Semi;Mordasini;Semi;Mordasini;Semiramis;2;10;NA;NA
Mühlethaler Brice;Mühlethaler;Brice;NA;NA;2;10;NA;NA
Nesme Obando Cindy Lisa;Nesme Obando;Cindy Lisa;Nesme;Cindy;10;10;NA;NA
Prezioso Batou Stéfanie;Prezioso Batou;Stéfanie;Prezioso;Stefania;25;10;NA;NA
Rusch Stefan;Rusch;Stefan;NA;NA;17;10;NA;NA
Suresh Sujene;Suresh;Sujene;Suresh;Sujine;2;10;NA;NA
Acrémann André Albert;Acrémann;André Albert;NA;NA;17;11;NA;NA
Benninger Claudia;Benninger;Claudia;Benninger Brun;Claudia;9;11;NA;NA
Burger Philippe (Pipo Langstrumpf);Burger;Philippe (Pipo Langstrumpf);Burger;Philippe;1;11;NA;NA
Egli Bruno;Egli;Bruno;NA;NA;17;11;NA;NA
El-Shikh Inès;El-Shikh;Inès;El-Shikh;Ines;25;11;NA;NA
El Maghari Mohammed;El Maghari;Mohammed;NA;NA;3;11;NA;NA
Fehr Dominik (Nick);Fehr;Dominik (Nick);Fehr;Dominik;1;11;NA;NA
Gadjiev Musa;Gadjiev;Musa;NA;NA;3;11;NA;NA
Halter Olena;Halter;Olena;NA;NA;3;11;NA;NA
Hernández Rodriguez Yosvany;Hernández Rodriguez;Yosvany;NA;NA;3;11;NA;NA
Incerti Mattia Luca;Incerti;Mattia Luca;Incerti;Mattia;1;11;NA;NA
Komatina Milomirka;Komatina;Milomirka;NA;NA;3;11;NA;NA
Leuenberger Abilasa;Leuenberger;Abilasa;NA;NA;3;11;NA;NA
Luchsinger Naila;Luchsinger;Naila;NA;NA;3;11;NA;NA
Mengolian Daniel;Mengolian;Daniel;NA;NA;3;11;NA;NA
Nyffeler Batou Françoise;Nyffeler Batou;Françoise;Nyffeler;Françoise;25;11;NA;NA
Poopalaillai Saambavi;Poopalaillai;Saambavi;Poopalapillai;Saambavi;2;11;NA;NA
Preuss Roland;Preuss;Roland;NA;NA;17;11;NA;NA
Rutschmann Joel;Rutschmann;Joel;Rutschmann;Joel Cedric;2;11;NA;NA
Schielly Michel;Schielly;Michel;NA;NA;12;11;NA;NA
Scholz-Zwyssig Anja;Scholz-Zwyssig;Anja;Scholz;Anja;20;11;NA;NA
Shahid Safiullah;Shahid;Safiullah;NA;NA;3;11;NA;NA
Simao Ograbek Kevin;Simao Ograbek;Kevin;Simão Ograbek;Kevin;21;11;NA;NA
Stadler Sandra;Stadler;Sandra;Stadler-Kuster;Sandra;20;11;NA;NA
Steffen Loris;Steffen;Loris;Steffen;Loris Noel;2;11;NA;NA
Uhler Roland;Uhler;Roland;NA;NA;17;11;NA;NA
Willi Adrian;Willi;Adrian;Willi;Adrian Franz;2;11;NA;NA
Baldinger François Ernest;Baldinger;François Ernest;NA;NA;22;12;NA;NA
Boozarjomehri Darius;Boozarjomehri;Darius;Boozarjohmehri;Darius;23;12;NA;NA
Brügger Dani;Brügger;Dani;Brügger;Daniel;2;12;NA;NA
Buchli Daniel;Buchli;Daniel;Buchli;Daniel Walter;18;12;NA;NA
De Maio Sara;De Maio;Sara;de Maio;Sara;25;12;NA;NA
Dupont Bruno;Dupont;Bruno;NA;NA;22;12;NA;NA
Dupont Michel;Dupont;Michel;NA;NA;22;12;NA;NA
Gurtner Robert;Gurtner;Robert;NA;NA;22;12;NA;NA
Hess Paul (Pablo);Hess;Paul (Pablo);Hess;Pablo;1;12;NA;NA
Montet Jean-Paul;Montet;Jean-Paul;NA;NA;22;12;NA;NA
Perruchoud Alex;Perruchoud;Alex;Perruchoud;Alexandra;23;12;NA;NA
Reinhart Anita (Nisa);Reinhart;Anita (Nisa);Reinhart;Anita;1;12;NA;NA
Rodriguez Chantal;Rodriguez;Chantal;NA;NA;22;12;NA;NA
Stucki-Steiner Carine;Stucki-Steiner;Carine;Stucki;Carine;2;12;NA;NA
Vernay Marguerite;Vernay;Marguerite;NA;NA;22;12;NA;NA
Vernay Pierre-Maurice;Vernay;Pierre-Maurice;NA;NA;22;12;NA;NA
Von Rohr Monique;Von Rohr;Monique;NA;NA;22;12;NA;NA
Brignoli Lutz Francesca;Brignoli Lutz;Francesca;Brignoli Lutz;Francesca Maria Lucia;1;13;NA;NA
Garcia Caroline (Carolina);Garcia;Caroline (Carolina);Garcia;Carolina;1;13;NA;NA
Geser-Fischer Karin;Geser-Fischer;Karin;Geser;Karin;1;13;NA;NA
Kenel-Paredi Olivia;Kenel-Paredi;Olivia;Kenel-Paredi;Olivia Anna;1;13;NA;NA
Kupper Staub Vera;Kupper Staub;Vera;Kupper Staub;Vera Anna;1;13;NA;NA
Mabillard Corinne;Mabillard;Corinne;Mabillard;Corinne Andrea;1;13;NA;NA
Mändli Lerch Karin;Mändli Lerch;Karin;Mändli-Lerch;Karin;1;13;NA;NA
Mariani Gabriela (Gaby);Mariani;Gabriela (Gaby);Mariani;Gabriela;1;13;NA;NA
Meli Hedwig (Hedy);Meli;Hedwig (Hedy);Meli;Hedwig;1;13;NA;NA
Osterwalder Alex;Osterwalder;Alex;NA;NA;13;13;NA;NA
Rutz Mätzler Theresia (Theres);Rutz Mätzler;Theresia (Theres);Rutz Mätzler;Theresia;1;13;NA;NA
Vieux Mikaël;Vieux;Mikaël;Vieux;Mikael;23;13;NA;NA
Wendel Lucia;Wendel;Lucia;Wendel;Lucia Clara;1;13;NA;NA
Widmer-Gassmann Irene;Widmer-Gassmann;Irene;Widmer;Irene;1;13;NA;NA
Zeilstra Anna Katharina;Zeilstra;Anna Katharina;Zeilstra;Anna;2;13;NA;NA
Zingrich Alexander (Alex);Zingrich;Alexander (Alex);Zingrich;Alexander;11;13;NA;NA
ab Yberg Fabian;ab Yberg;Fabian;Ab Yberg;Fabian;5;14;NA;NA
Bandixen Claudia;Bandixen;Claudia;Bandixen-Widmer;Claudia;19;14;NA;NA
Bumann Maria;Bumann;Maria;NA;NA;12;14;NA;NA
Feldmann Laura-Amadea;Feldmann;Laura-Amadea;Feldmann;Laura;2;14;NA;NA
Feuerle Dieter (Didi);Feuerle;Dieter (Didi);Feuerle;Didi;20;14;NA;NA
Weber Eric;Weber;Eric;NA;NA;12;14;NA;NA
Wiesmann Lilli;Wiesmann;Lilli;Wiesmann;Lilli Rose;1;14;NA;NA
Wuethrich Andreas;Wuethrich;Andreas;Wüthrich;Andreas;22;14;NA;NA
Budry Maryelle;Budry;Maryelle;NA;NA;25;15;NA;NA
Çukur Gökhan (Khan Deniz);Çukur;Gökhan (Khan Deniz);NA;NA;1;15;NA;NA
Deuber Ziegler Erica;Deuber Ziegler;Erica;NA;NA;25;15;NA;NA
Facchinetti Zsola;Facchinetti;Zsola;NA;NA;19;15;NA;NA
Godat Saladin Claudine;Godat Saladin;Claudine;Godat;Claudine;10;15;NA;NA
Kappeler Anton (Toni);Kappeler;Anton (Toni);Kappeler;Toni;20;15;NA;NA
Martenot Claire;Martenot;Claire;NA;NA;25;15;NA;NA
Maystre Marie-Pierre;Maystre;Marie-Pierre;NA;NA;25;15;NA;NA
Mino-Matot Jacques;Mino-Matot;Jacques;NA;NA;25;15;NA;NA
Riesen Alain;Riesen;Alain;NA;NA;25;15;NA;NA
Robert-Charrue Céline;Robert-Charrue;Céline;Robert-Charrue Linder;Céline;26;15;NA;NA
Rossetti Sandro;Rossetti;Sandro;NA;NA;25;15;NA;NA
Sauvin Philippe;Sauvin;Philippe;NA;NA;25;15;NA;NA
Stebler Guenat Henriette;Stebler Guenat;Henriette;NA;NA;25;15;NA;NA
Togni Florio;Togni;Florio;NA;NA;25;15;NA;NA
Brand Heinz;Brand;Heinz;Brand-Ciocco;Heinz;18;16;NA;NA
Favre Accola Valérie;Favre Accola;Valérie;Favre Accola;Valèrie;18;16;NA;NA
Genton Paul Camille;Genton;Paul Camille;Genton;Paul-Camille;22;16;NA;NA
Jara Schoch Tomas;Jara Schoch;Tomas;Jara;Tomas;22;16;NA;NA
Merz-Helg Petra;Merz-Helg;Petra;Merz;Petra;20;16;NA;NA
Sarantidis Chrisoula (Chris);Sarantidis;Chrisoula (Chris);NA;NA;1;16;NA;NA
Sönmez Özdemir Céline Zeynep;Sönmez Özdemir;Céline Zeynep;Sönmez-Özdemir;Seline Zeynep;10;16;NA;NA
Truaisch Marino;Truaisch;Marino;Truaisch;Mariano;21;16;NA;NA
Von Fliedner Saskia;Von Fliedner;Saskia;von Fliedner;Saskia;22;16;NA;NA
Altorfer Namila (Cipolla);Altorfer;Namila (Cipolla);NA;NA;1;17;NA;NA
Bachmann Anja (Verdure);Bachmann;Anja (Verdure);NA;NA;1;17;NA;NA
Bachmann Ursula;Bachmann;Ursula;NA;NA;3;17;NA;NA
Basan Marvin (Carpaccio);Basan;Marvin (Carpaccio);NA;NA;1;17;NA;NA
Baumli Dillon (Al Dente);Baumli;Dillon (Al Dente);NA;NA;1;17;NA;NA
Bernini Alexis;Bernini;Alexis;NA;NA;21;17;NA;NA
Betulius Lucy (Bruscetta);Betulius;Lucy (Bruscetta);NA;NA;1;17;NA;NA
Bischofberger Victoria (Cannelloni);Bischofberger;Victoria (Cannelloni);NA;NA;1;17;NA;NA
Bolok Simone (Salami);Bolok;Simone (Salami);NA;NA;1;17;NA;NA
Corabi De Marchi Luca Cesare;Corabi De Marchi;Luca Cesare;NA;NA;21;17;NA;NA
Definti Gian Franco;Definti;Gian Franco;NA;NA;21;17;NA;NA
Del Santo Gaia (Limone);Del Santo;Gaia (Limone);NA;NA;1;17;NA;NA
Fleischmann Silence (Guacamole);Fleischmann;Silence (Guacamole);NA;NA;1;17;NA;NA
Fossati Alberto;Fossati;Alberto;NA;NA;21;17;NA;NA
Frey Benjamin (Calzone);Frey;Benjamin (Calzone);NA;NA;1;17;NA;NA
Frey Daria (Gelati);Frey;Daria (Gelati);NA;NA;1;17;NA;NA
Ganz Andrine Sina (Ravioli);Ganz;Andrine Sina (Ravioli);NA;NA;1;17;NA;NA
Gauss Chiara Marlene (Pesto);Gauss;Chiara Marlene (Pesto);NA;NA;1;17;NA;NA
Gilgil Newroz (Penne);Gilgil;Newroz (Penne);NA;NA;1;17;NA;NA
Girod Christine;Girod;Christine;Girod-Baumgartner;Christine;22;17;NA;NA
Göçmen Halil (Pizza);Göçmen;Halil (Pizza);NA;NA;1;17;NA;NA
Gouanou Marthe-Larissa;Gouanou;Marthe-Larissa;NA;NA;25;17;NA;NA
Graf Hansueli;Graf;Hansueli;NA;NA;14;17;NA;NA
Granato Alessandro (Alex);Granato;Alessandro (Alex);Granato;Alex;20;17;NA;NA
Grassi Paolo;Grassi;Paolo;NA;NA;21;17;NA;NA
Grünwald Margrit;Grünwald;Margrit;NA;NA;3;17;NA;NA
Hafen Cyril (Finocchio);Hafen;Cyril (Finocchio);NA;NA;1;17;NA;NA
Heijman Alice;Heijman;Alice;NA;NA;3;17;NA;NA
Joller Thorin (Salsiccia secca);Joller;Thorin (Salsiccia secca);NA;NA;1;17;NA;NA
Joss Malaika (Mallemallorca);Joss;Malaika (Mallemallorca);NA;NA;1;17;NA;NA
Kaczmarczyk Ingbert;Kaczmarczyk;Ingbert;NA;NA;3;17;NA;NA
Kipfer Dorothée;Kipfer;Dorothée;NA;NA;3;17;NA;NA
Kiš Lenke (Paella);Kiš;Lenke (Paella);NA;NA;1;17;NA;NA
Kohlbacher Gioia (Pepe-Fantasia);Kohlbacher;Gioia (Pepe-Fantasia);NA;NA;1;17;NA;NA
Kurz David (Parmigiani);Kurz;David (Parmigiani);NA;NA;1;17;NA;NA
Ladimi-Apel Catherine;Ladimi-Apel;Catherine;Ladimi;Catherine;25;17;NA;NA
Lötscher Trudi;Lötscher;Trudi;NA;NA;3;17;NA;NA
Luginbühl Moritz (Bolognese);Luginbühl;Moritz (Bolognese);NA;NA;1;17;NA;NA
Lüscher Thierry;Lüscher;Thierry;Luescher;Thierry;10;17;NA;NA
Lütolf Elsener Ottilia;Lütolf Elsener;Ottilia;NA;NA;3;17;NA;NA
Mathis Oskar;Mathis;Oskar;NA;NA;3;17;NA;NA
Mennel Nicolas (Antipasti);Mennel;Nicolas (Antipasti);NA;NA;1;17;NA;NA
Nater Maha (Vongola);Nater;Maha (Vongola);NA;NA;1;17;NA;NA
Niklaus-Lanz Renate;Niklaus-Lanz;Renate;Niklaus;Renate;2;17;NA;NA
Pecaric Natascha (Pesto);Pecaric;Natascha (Pesto);NA;NA;1;17;NA;NA
Petrini Claudio Massimo;Petrini;Claudio Massimo;NA;NA;21;17;NA;NA
Romanelli Mias (Melanzana);Romanelli;Mias (Melanzana);NA;NA;1;17;NA;NA
Rüsch Salomon (Banana);Rüsch;Salomon (Banana);NA;NA;1;17;NA;NA
Schallenberg Arthur (Turi);Schallenberg;Arthur (Turi);Schallenberg;Turi;20;17;NA;NA
Schneider Andy;Schneider;Andy;NA;NA;3;17;NA;NA
Smach Phillip (Birra);Smach;Phillip (Birra);NA;NA;1;17;NA;NA
Städler Ramón (Broccoli);Städler;Ramón (Broccoli);NA;NA;1;17;NA;NA
Strotz Rolf;Strotz;Rolf;NA;NA;21;17;NA;NA
Tiefenthaler Gioia (Aglio);Tiefenthaler;Gioia (Aglio);NA;NA;1;17;NA;NA
Tijan Stjepan (Gorgonzola);Tijan;Stjepan (Gorgonzola);NA;NA;1;17;NA;NA
Windlin Lars (Sugo);Windlin;Lars (Sugo);NA;NA;1;17;NA;NA
Wirz Lynda (Fragola);Wirz;Lynda (Fragola);NA;NA;1;17;NA;NA
Würms Josef;Würms;Josef;NA;NA;14;17;NA;NA
Ziegler Lana (Prosecco);Ziegler;Lana (Prosecco);NA;NA;1;17;NA;NA
Bottlang-Pittet Jaqueline;Bottlang-Pittet;Jaqueline;Bottlang Pittet;Jacqueline;22;18;NA;NA
d'Angelo Vladimir;d'Angelo;Vladimir;D'Angelo;Vladimir;22;18;NA;NA
de Preux Thierry;de Preux;Thierry;De Preux;Thierry;22;18;NA;NA
Donzé Pantazis Chantal;Donzé Pantazis;Chantal;Donzé;Chantal;22;18;NA;NA
Fisch Ulrich (Ueli);Fisch;Ulrich (Ueli);Fisch;Ueli (Ulrich);20;18;NA;NA
Gaillard Houriet Myriam;Gaillard Houriet;Myriam;Gaillard-Houriet;Myriam;22;18;NA;NA
Gmurczyk Evelyne;Gmurczyk;Evelyne;Gmurczyk;Evelyn;11;18;NA;NA
Gomes De Almeida Manuel;Gomes De Almeida;Manuel;Gomes de Almeida;Manuel;25;18;NA;NA
Guggisberg Renja;Guggisberg;Renja;Guggisberger;Renja;1;18;NA;NA
Herrmann Stefan;Herrmann;Stefan;NA;NA;2;18;NA;NA
Jenni Hubert;Jenni;Hubert;Jenny;Hubert;11;18;NA;NA
Marques Luis;Marques;Luis;NA;NA;1;18;NA;NA
Matthys Andrina;Matthys;Andrina;Mathys;Andrina;5;18;NA;NA
Milosavljevic Nenad (Neno);Milosavljevic;Nenad (Neno);Milosavljevic;Nenad;1;18;NA;NA
Mosoba Immaculée Zola Kashala;Mosoba;Immaculée Zola Kashala;Mosoba;Immaculée;10;18;NA;NA
Pasi Pierluigi «Pier»;Pasi;Pierluigi «Pier»;Pasi;"Pierluigi \Pier\""""";21;18;NA;NA
Ruggli Jérôme M. A.;Ruggli;Jérôme M. A.;Ruggli;Jérôme M.A.;1;18;NA;NA
Tinguely Léo Paul;Tinguely;Léo Paul;Tinguely;Léo;10;18;NA;NA
Zimmermann Patrik;Zimmermann;Patrik;Zimmermann;Patric;23;18;NA;NA
Bättig Schenk Michèle;Bättig Schenk;Michèle;Bättig;Michèle;1;19;NA;NA
Binkert Becchetti Gabriela;Binkert Becchetti;Gabriela;Binkert Becchetti;Gabriella;18;19;NA;NA
Cochard François;Cochard;François;Cochard;Francois;1;19;NA;NA
Gilgen Coline Sara;Gilgen;Coline Sara;Gilgen;Coline;22;19;NA;NA
Knecht Severin Pascal;Knecht;Severin Pascal;Knecht;Severin;1;19;NA;NA
Pointet Cloé;Pointet;Cloé;Pointet;Cloe;22;19;NA;NA
Roch Ana Belen;Roch;Ana Belen;Roch;Ana;25;19;NA;NA
Rump Flavio Felice;Rump;Flavio Felice;Rump;Flavio;1;19;NA;NA
Schäfer Jorim;Schäfer;Jorim;Schäfer;Jorim Elias;20;19;NA;NA
Schlauri Simon Jost;Schlauri;Simon Jost;Schlauri;Simon;1;19;NA;NA
Valentin Francis;Valentin;Francis;Valentin;Francisco;25;19;NA;NA
Aymon Paul;Aymon;Paul;NA;NA;25;20;NA;NA
Baumann Bernhard;Baumann;Bernhard;Baumann;Bernhard Urs;2;20;NA;NA
Brandenburger Agnes;Brandenburger;Agnes;Brandenburger-Caderas;Agnes;18;20;NA;NA
Degen-Iseli Andrea;Degen-Iseli;Andrea;Degen Iseli;Andrea;1;20;NA;NA
Hutter Simone;Hutter;Simone;NA;NA;9;20;NA;NA
Meister-Peterhans Kurt;Meister-Peterhans;Kurt;NA;NA;1;20;NA;NA
Perroud Marie France;Perroud;Marie France;Perroud;Marie-France;22;20;NA;NA
Rensch Maria José (Marita);Rensch;Maria José (Marita);Rensch;Maria José;1;20;NA;NA
Wibmer Jeannette;Wibmer;Jeannette;Wibmer LL.M.,;Jeannette;1;20;NA;NA
Widmer Alexander (Alex);Widmer;Alexander (Alex);Widmer;Alexander;1;20;NA;NA
Zweifel Anton (Toni);Zweifel;Anton (Toni);Zweifel;Anton;1;20;NA;NA
Banholzer Hänzi Lilian;Banholzer Hänzi;Lilian;NA;NA;1;21;NA;NA
Boller-Schmidt Maria Ursula;Boller-Schmidt;Maria Ursula;Boller-Schmidt;Maria;1;21;NA;NA
Bregy Philipp Matthias;Bregy;Philipp Matthias;Bregy;Philipp;23;21;NA;NA
Cryer Katharina;Cryer;Katharina;Cryer;Katrin;1;21;NA;NA
Ehmann-Nydegger Manuela;Ehmann-Nydegger;Manuela;Ehmann;Manuela;1;21;NA;NA
Furrer-Wolfensberger Susanne;Furrer-Wolfensberger;Susanne;Furrer;Susanne;1;21;NA;NA
Göldi Emerita (Merita);Göldi;Emerita (Merita);Göldi;Merita;1;21;NA;NA
Guignard Sylvie;Guignard;Sylvie;NA;NA;25;21;NA;NA
Ilg-Lutz Christiane;Ilg-Lutz;Christiane;NA;NA;1;21;NA;NA
Jufer Andrea Ursula;Jufer;Andrea Ursula;Jufer;Andrea;1;21;NA;NA
Kaplony-Bachofner Angelika;Kaplony-Bachofner;Angelika;Kaplony;Angelika;1;21;NA;NA
Löhrer-Marti Sandra;Löhrer-Marti;Sandra;Löhrer;Sandra;2;21;NA;NA
Lüssi Susanne (Susi);Lüssi;Susanne (Susi);Lüssi;Susanne;1;21;NA;NA
Monhart Gabriela;Monhart;Gabriela;NA;NA;1;21;NA;NA
Müller-Jaag Elisabeth (Lisette);Müller-Jaag;Elisabeth (Lisette);Mülller-Jaag;Lisette;1;21;NA;NA
Müller Markus (Enrico Magaldi);Müller;Markus (Enrico Magaldi);NA;NA;2;21;NA;NA
Oram-Blaser Susanne;Oram-Blaser;Susanne;Oram;Susanne;1;21;NA;NA
Perina-Werz Alexandra;Perina-Werz;Alexandra;Perina;Alexandra;2;21;NA;NA
Perrella Patrick;Perrella;Patrick;NA;NA;2;21;NA;NA
Rauber Marianne;Rauber;Marianne;Rauber;Mary;1;21;NA;NA
Woodhatch Tania Kristin;Woodhatch;Tania Kristin;Woodhatch;Tania;1;21;NA;NA
Abate Antonio;Abate;Antonio;Abate;Antonie;2;22;NA;NA
Aufdenblatten Jonas;Aufdenblatten;Jonas;NA;NA;23;22;NA;NA
Cantaluppi Stefano Guido;Cantaluppi;Stefano Guido;Cantaluppi;Stefano;21;22;NA;NA
de França Philippe;de França;Philippe;De França;Philippe;2;22;NA;NA
Denoth Jon-Peider;Denoth;Jon-Peider;Denoth;Jon Peider;20;22;NA;NA
Jenk Andreas (Andy);Jenk;Andreas (Andy);Jenk;Andy;1;22;NA;NA
Kaiser Vesnic Branka;Kaiser Vesnic;Branka;Kaiser;Branka;3;22;NA;NA
Latifi Mehdi;Latifi;Mehdi;Latifi;Mendi;2;22;NA;NA
Lindsay Otieno Kate;Lindsay Otieno;Kate;Lindsay Otieno;Catherine;2;22;NA;NA
Martinez Triaca Francesca;Martinez Triaca;Francesca;Martinez;Francesca;21;22;NA;NA
Meier-Schöpfer Hildegard;Meier-Schöpfer;Hildegard;Meier;Hildegard;3;22;NA;NA
Pesce Stefano Luca;Pesce;Stefano Luca;Pesce;Stefano;21;22;NA;NA
Rugo Claudio;Rugo;Claudio;NA;NA;10;22;NA;NA
Schmid-Ambauen Rosy;Schmid-Ambauen;Rosy;Schmid;Rosy;3;22;NA;NA
Schneider-Riehle Stéphanie;Schneider-Riehle;Stéphanie;Schneider Riehle;Stéphanie;2;22;NA;NA
Supersaxo-Freiburghaus Karin;Supersaxo-Freiburghaus;Karin;Supersaxo Freiburghaus;Karin;3;22;NA;NA
Wehbé Souade;Wehbé;Souade;Wehbé;Souad;2;22;NA;NA
Abegglen Inge;Abegglen;Inge;NA;NA;20;23;NA;NA
Andrey Philippe;Andrey;Philippe;NA;NA;22;23;NA;NA
Angele Katharina (Käthy);Angele;Katharina (Käthy);Angele;Katharina;1;23;NA;NA
Aregger Viktoria;Aregger;Viktoria;NA;NA;3;23;NA;NA
Bourquenoud Fabrice;Bourquenoud;Fabrice;NA;NA;10;23;NA;NA
Brennenstuhl Philippe;Brennenstuhl;Philippe;NA;NA;22;23;NA;NA
Bruggmann Renate;Bruggmann;Renate;NA;NA;20;23;NA;NA
Carta Roland;Carta;Roland;NA;NA;22;23;NA;NA
Coppey Régis;Coppey;Régis;NA;NA;22;23;NA;NA
Dschulnigg Susanne;Dschulnigg;Susanne;NA;NA;20;23;NA;NA
Fischer Alex;Fischer;Alex;NA;NA;3;23;NA;NA
Folly Kilian;Folly;Kilian;NA;NA;22;23;NA;NA
Frey Herbert;Frey;Herbert;NA;NA;3;23;NA;NA
Frischknecht Emil;Frischknecht;Emil;NA;NA;20;23;NA;NA
Genoud Pierre-Alain;Genoud;Pierre-Alain;NA;NA;22;23;NA;NA
Hauser Armando;Hauser;Armando;NA;NA;10;23;NA;NA
Heller Alfred (Fredi);Heller;Alfred (Fredi);Heller;Alfred;1;23;NA;NA
Hipp Raimund;Hipp;Raimund;NA;NA;20;23;NA;NA
Kern Barbara;Kern;Barbara;NA;NA;20;23;NA;NA
Koch Benjamin;Koch;Benjamin;NA;NA;3;23;NA;NA
Kolly Maxence;Kolly;Maxence;NA;NA;10;23;NA;NA
Marquis Stanislas;Marquis;Stanislas;NA;NA;22;23;NA;NA
Meyer Peter C. (Pit);Meyer;Peter C. (Pit);Meyer;Peter C.;1;23;NA;NA
Molly Norbert;Molly;Norbert;NA;NA;22;23;NA;NA
Monnier Lucien;Monnier;Lucien;NA;NA;22;23;NA;NA
Oguey Jérémy;Oguey;Jérémy;NA;NA;22;23;NA;NA
Patenaude Alyssia;Patenaude;Alyssia;NA;NA;10;23;NA;NA
Peyraud Alexandre;Peyraud;Alexandre;Peyraud;Alexandre Jaques Bernard;25;23;NA;NA
Racca Bastien;Racca;Bastien;NA;NA;10;23;NA;NA
Rawyler Alexandre;Rawyler;Alexandre;NA;NA;22;23;NA;NA
Ruckli Martin;Ruckli;Martin;NA;NA;3;23;NA;NA
Scherrer Ines C.;Scherrer;Ines C.;Scherrer;Inèz C.;1;23;NA;NA
Schwegler Hans;Schwegler;Hans;NA;NA;3;23;NA;NA
Senn Chloé;Senn;Chloé;NA;NA;10;23;NA;NA
Voisard Cléa;Voisard;Cléa;NA;NA;10;23;NA;NA
Weibel Ursula (Ursi);Weibel;Ursula (Ursi);Weibel;Ursula;1;23;NA;NA
Wildi Rozalija;Wildi;Rozalija;Wildi;Rozalija Rosi;2;23;NA;NA
Windler Urs;Windler;Urs;NA;NA;3;23;NA;NA
Aglamaz Haci (Memet);Aglamaz;Haci (Memet);Aglamaz;Haci Memet;1;24;NA;NA
Appenzeller Andrin (Tomas);Appenzeller;Andrin (Tomas);Appenzeller;Andrin;1;24;NA;NA
Bozay Meral;Bozay;Meral;Bozay-Sahin;Meral;1;24;NA;NA
Camara Beatrice (Bea);Camara;Beatrice (Bea);Camara;Béatrice Jacqueline (Bea);1;24;NA;NA
Chatton Dominique;Chatton;Dominique;NA;NA;10;24;NA;NA
Eberle Willy;Eberle;Willy;Eberle;Willi;1;24;NA;NA
Fata István;Fata;István;Fata;Istvan;1;24;NA;NA
Fischer Marius;Fischer;Marius;NA;NA;3;24;NA;NA
Guido Flavio;Guido;Flavio;NA;NA;10;24;NA;NA
Herzog Ulrich (Baum);Herzog;Ulrich (Baum);Herzog;Ulrich;1;24;NA;NA
Hunkeler Yvonne;Hunkeler;Yvonne;NA;NA;3;24;NA;NA
Jung Pirmin;Jung;Pirmin;NA;NA;3;24;NA;NA
Mächler Markus;Mächler;Markus;NA;NA;3;24;NA;NA
Manap Süleyman (Süle);Manap;Süleyman (Süle);Manap;Süleyman (Sülo);1;24;NA;NA
Martins Alexandre;Martins;Alexandre;NA;NA;10;24;NA;NA
Mathez Roland;Mathez;Roland;NA;NA;10;24;NA;NA
Meyer Luzi Andreas;Meyer;Luzi Andreas;NA;NA;3;24;NA;NA
Perret Chantal;Perret;Chantal;NA;NA;10;24;NA;NA
Piller-Lang Catherine;Piller-Lang;Catherine;NA;NA;10;24;NA;NA
Portmann Markus;Portmann;Markus;NA;NA;3;24;NA;NA
Raemy Ruedi;Raemy;Ruedi;NA;NA;10;24;NA;NA
Sahin Gülpasa (Pasa);Sahin;Gülpasa (Pasa);Sahin;Gülpasa;1;24;NA;NA
Satan Sevin (Sevo);Satan;Sevin (Sevo);Satan;Sevin;1;24;NA;NA
Sonderegger Roger;Sonderegger;Roger;NA;NA;3;24;NA;NA
Steiner Remo (Bobby);Steiner;Remo (Bobby);Steiner;Remo;1;24;NA;NA
Studer Raymond;Studer;Raymond;NA;NA;3;24;NA;NA
Weil Anjuska;Weil;Anjuska;Weil;Anjuška;1;24;NA;NA
Arnold Markus;Arnold;Markus;NA;NA;3;25;NA;NA
Betschart Martin;Betschart;Martin;Betschart;Martin Ulrich;12;25;NA;NA
Ender Kaplan Margrit (Meggie);Ender Kaplan;Margrit (Meggie);Ender Kaplan;Meggie;1;25;NA;NA
Fasel Jean-Bernard;Fasel;Jean-Bernard;NA;NA;10;25;NA;NA
Fumeaux Evéquoz Nicole;Fumeaux Evéquoz;Nicole;Fumeaux;Nicole;23;25;NA;NA
Gander Kathrin Anna (Katharina);Gander;Kathrin Anna (Katharina);Gander;Kathrin Anna;1;25;NA;NA
Grüninger Vicky;Grüninger;Vicky;Grüninger;Victoria;12;25;NA;NA
Hartmann Madeleine;Hartmann;Madeleine;Hartmann-Fischli;Madeleine;11;25;NA;NA
Jung Gerda;Jung;Gerda;NA;NA;3;25;NA;NA
Niclass Narcisse;Niclass;Narcisse;NA;NA;10;25;NA;NA
Piani Carlo;Piani;Carlo;NA;NA;3;25;NA;NA
Spühler Pascal;Spühler;Pascal;NA;NA;25;25;NA;NA
Stauffer Eric;Stauffer;Eric;NA;NA;25;25;NA;NA
Thalmann-Hüsler Ramona;Thalmann-Hüsler;Ramona;NA;NA;3;25;NA;NA
Vogel Xaver;Vogel;Xaver;NA;NA;3;25;NA;NA
von Mühlenen Jacqueline;von Mühlenen;Jacqueline;NA;NA;10;25;NA;NA
Zurbriggen Roger;Zurbriggen;Roger;NA;NA;3;25;NA;NA
Affentranger-Aregger Helen;Affentranger-Aregger;Helen;NA;NA;3;26;NA;NA
Bernasconi Claudia;Bernasconi;Claudia;NA;NA;3;26;NA;NA
Chenaux-Bourquin Evelyne;Chenaux-Bourquin;Evelyne;Chenaux bourquin;Evelyne;25;26;NA;NA
Garonne Alexis (Alex);Garonne;Alexis (Alex);Garonne;Alexis;1;26;NA;NA
Jossen Moser Carmen;Jossen Moser;Carmen;Jossen;Carmen;23;26;NA;NA
Mechkatti Marquis Samira;Mechkatti Marquis;Samira;NA;NA;25;26;NA;NA
Restrepo Ramos Rocío;Restrepo Ramos;Rocío;Restrepo ramos;Rocio;25;26;NA;NA
Sidler Stalder Mary;Sidler Stalder;Mary;NA;NA;3;26;NA;NA
Stöckli Susanne;Stöckli;Susanne;NA;NA;3;26;NA;NA
Thami Reski Mourad;Thami;Reski Mourad;Thami;Reski;25;26;NA;NA
Tschuor Michaela;Tschuor;Michaela;NA;NA;3;26;NA;NA
Borel Jérémy;Borel;Jérémy;Borel;Jeremy;25;27;NA;NA
Bucheli Hanspeter;Bucheli;Hanspeter;NA;NA;3;27;NA;NA
Bucher Kilian;Bucher;Kilian;NA;NA;3;27;NA;NA
De Morsier Sébastien;De Morsier;Sébastien;de Morsier;Sébastien;23;27;NA;NA
Graf-Perren Adelheid;Graf-Perren;Adelheid;Graf Pieren;Adelheid;2;27;NA;NA
Grüter Thomas;Grüter;Thomas;NA;NA;3;27;NA;NA
Hartmann Nicola;Hartmann;Nicola;Hartmann;Nicola Emanuel;1;27;NA;NA
Krummenacher Marlis;Krummenacher;Marlis;NA;NA;3;27;NA;NA
Odermatt Markus;Odermatt;Markus;NA;NA;3;27;NA;NA
Schärli Stephan;Schärli;Stephan;NA;NA;3;27;NA;NA
Zimmermann-Aemisegger Sarah;Zimmermann-Aemisegger;Sarah;Zimmermann Aemisegger;Sarah Alexandra;1;27;NA;NA
Aeberli Hans Werner (Aebi);Aeberli;Hans Werner (Aebi);NA;NA;1;28;NA;NA
Aebersold Sophie;Aebersold;Sophie;NA;NA;2;28;NA;NA
Amstad Andrea;Amstad;Andrea;NA;NA;2;28;NA;NA
Azzi Agovic Remo;Azzi Agovic;Remo;NA;NA;2;28;NA;NA
Bertschinger Karl (Charly);Bertschinger;Karl (Charly);Bertschinger;Karl;1;28;NA;NA
Buntschu Corinne;Buntschu;Corinne;NA;NA;25;28;NA;NA
Dahinden-Konzelmann Evelyne;Dahinden-Konzelmann;Evelyne;Dahinden;Eveline;3;28;NA;NA
Frehsner Rosmarie;Frehsner;Rosmarie;Frehsner-Aebersold;Rosmarie;1;28;NA;NA
Gabriel Silvia;Gabriel;Silvia;NA;NA;2;28;NA;NA
Gosteli Christoph;Gosteli;Christoph;NA;NA;2;28;NA;NA
Grau Roland;Grau;Roland;NA;NA;2;28;NA;NA
Grob Bruno;Grob;Bruno;NA;NA;1;28;NA;NA
Hafner Ludwig (Louis);Hafner;Ludwig (Louis);Hafner;Louis;1;28;NA;NA
Hauri Theodor (Theo);Hauri;Theodor (Theo);NA;NA;1;28;NA;NA
Hodel Kristin;Hodel;Kristin;NA;NA;2;28;NA;NA
im Oberdorf Bernhard (Bio);im Oberdorf;Bernhard (Bio);im Oberdorf;Bernhard;1;28;NA;NA
Jacober Hans Peter;Jacober;Hans Peter;Jacober;Hanspeter;1;28;NA;NA
Kaiser Claudia;Kaiser;Claudia;NA;NA;2;28;NA;NA
Kaul Peter Simon;Kaul;Peter Simon;NA;NA;1;28;NA;NA
Kübler Ulrich (Ueli);Kübler;Ulrich (Ueli);Kübler;Ueli;1;28;NA;NA
Lobsiger Ulrich (Ueli);Lobsiger;Ulrich (Ueli);Lobsiger;Ulrich;1;28;NA;NA
Mazzocco Angelina;Mazzocco;Angelina;NA;NA;2;28;NA;NA
Meier-Böll Monika;Meier-Böll;Monika;Meier;Monika;3;28;NA;NA
Pan Martina;Pan;Martina;NA;NA;2;28;NA;NA
Perez Maria Lou;Perez;Maria Lou;Pérez;Maria Lou;25;28;NA;NA
Schärer Erich;Schärer;Erich;NA;NA;1;28;NA;NA
Schlatter Hedwig (Hedy);Schlatter;Hedwig (Hedy);Schlatter;Hedy;1;28;NA;NA
Schnebli Tobia;Schnebli;Tobia;Schnebli;Tobias (Tobia);25;28;NA;NA
Seck Mariama;Seck;Mariama;NA;NA;2;28;NA;NA
Sorg Bernhard (Beni);Sorg;Bernhard (Beni);Sorg;Bernhard;1;28;NA;NA
Suter Arnold (Noldi);Suter;Arnold (Noldi);Suter;Arnold;1;28;NA;NA
Suter Lea;Suter;Lea;NA;NA;2;28;NA;NA
Vettiger Heinrich (Henry);Vettiger;Heinrich (Henry);Vettiger;Heinrich;1;28;NA;NA
Walder Rudolf (Ruedi);Walder;Rudolf (Ruedi);Walder;Rudolf;1;28;NA;NA
Widmer Katharina (Katrin);Widmer;Katharina (Katrin);Widmer;Katharina;1;28;NA;NA
Willi Ädu;Willi;Ädu;NA;NA;2;28;NA;NA
Wyttenbach André;Wyttenbach;André;NA;NA;2;28;NA;NA
Zaugg Matthias;Zaugg;Matthias;NA;NA;2;28;NA;NA
Zumofen Achermann Evelyne;Zumofen Achermann;Evelyne;Zumofen;Evelyne;3;28;NA;NA
Frischknecht Martin;Frischknecht;Martin;NA;NA;2;29;NA;NA
Hasler Katrin;Hasler;Katrin;NA;NA;2;29;NA;NA
Isenrich Florin Niklaus;Isenrich;Florin Niklaus;Isenrich;Florin;1;29;NA;NA
Näf-Doffey Melissa;Näf-Doffey;Melissa;Näf;Melissa;1;29;NA;NA
Nussbaum Andreas Werner;Nussbaum;Andreas Werner;NA;NA;2;29;NA;NA
Röschli Gabriela;Röschli;Gabriela;NA;NA;2;29;NA;NA
Schöni Roland;Schöni;Roland;NA;NA;2;29;NA;NA
Theiler Stefan;Theiler;Stefan;NA;NA;2;29;NA;NA
Voellmy Xenia;Voellmy;Xenia;Voellmy;Xenia Eja Magdalena;1;29;NA;NA
Anderhub Josefine;Anderhub;Josefine;NA;NA;3;30;NA;NA
Arregger Christoph;Arregger;Christoph;NA;NA;3;30;NA;NA
Arregger Max;Arregger;Max;NA;NA;3;30;NA;NA
Bruinink Arend (Arie);Bruinink;Arend (Arie);Bruinink;Arend;1;30;NA;NA
Burri Walter;Burri;Walter;NA;NA;3;30;NA;NA
Calvo Salgado Luís Manuel;Calvo Salgado;Luís Manuel;Calvo Salgado;Luis Manuel;1;30;NA;NA
Clerc Berod Annick;Clerc Berod;Annick;Clerc Bérod;Annick;23;30;NA;NA
Gehrig Roland;Gehrig;Roland;NA;NA;3;30;NA;NA
Grabherr Emil;Grabherr;Emil;NA;NA;3;30;NA;NA
L'Orange Seigo Selma;L'Orange Seigo;Selma;L’Orange Seigo;Selma;1;30;NA;NA
Malapati Samuel (Sämi);Malapati;Samuel (Sämi);Malapati;Samuel;1;30;NA;NA
Pavone Francisco (Franco);Pavone;Francisco (Franco);Pavone;Francisco;1;30;NA;NA
Pedone Jana;Pedone;Jana;NA;NA;3;30;NA;NA
Phillips Peter;Phillips;Peter;Phillips;Peter David;1;30;NA;NA
Roos Erich;Roos;Erich;NA;NA;3;30;NA;NA
Waldis Martin;Waldis;Martin;NA;NA;3;30;NA;NA
Berger Marianne;Berger;Marianne;Berger;Mary;1;31;NA;NA
Brizza Cornelia (Conny);Brizza;Cornelia (Conny);Brizza;Conny;1;31;NA;NA
Meier Benjamin (Beni);Meier;Benjamin (Beni);Meier;Benjamin;1;31;NA;NA
Schmidli Martin Rolf;Schmidli;Martin Rolf;Schmidlin;Martin Rolf;2;31;NA;NA
Szita Nicolas;Szita;Nicolas;Sztia;Nicolas;3;31;NA;NA
Walder-Dürst Daniela;Walder-Dürst;Daniela;Walder;Daniela;1;31;NA;NA
Zuber-Burkhardt Luzia;Zuber-Burkhardt;Luzia;Zuber;Luzia;12;31;NA;NA
Baur Micha Nicola;Baur;Micha Nicola;Baur;Micha;1;32;NA;NA
Bucher Jo;Bucher;Jo;NA;NA;3;32;NA;NA
Felber Caroline;Felber;Caroline;NA;NA;3;32;NA;NA
Frye Urban;Frye;Urban;NA;NA;3;32;NA;NA
Gianola Luciano (Lucio);Gianola;Luciano (Lucio);Gianola;Luciano;1;32;NA;NA
Grichting Valériane Myriam;Grichting;Valériane Myriam;Grichting;Valériane;23;32;NA;NA
Kindlimann Michael (Mike);Kindlimann;Michael (Mike);Kindlimann;Mike;1;32;NA;NA
Kurer Gabriela;Kurer;Gabriela;NA;NA;3;32;NA;NA
Lehmann Scherer Sibylle;Lehmann Scherer;Sibylle;NA;NA;3;32;NA;NA
Luginbühl Sylvie Maude;Luginbühl;Sylvie Maude;Luginbühl;Sylvie;23;32;NA;NA
Portmann Pascal;Portmann;Pascal;NA;NA;3;32;NA;NA
Sartorius-Brüschweiler Karin;Sartorius-Brüschweiler;Karin;NA;NA;12;32;NA;NA
Sorato-Attinger Carla;Sorato-Attinger;Carla;Sorato;Carla;12;32;NA;NA
Staubli Severin Quirin;Staubli;Severin Quirin;Staubli;Severin;1;32;NA;NA
Steiger Urs;Steiger;Urs;NA;NA;3;32;NA;NA
Wiget Cyrill;Wiget;Cyrill;NA;NA;3;32;NA;NA
Born Kevin;Born;Kevin;NA;NA;2;33;NA;NA
Burri Adrian;Burri;Adrian;NA;NA;2;33;NA;NA
Burri Lukas;Burri;Lukas;NA;NA;2;33;NA;NA
Burri Simon;Burri;Simon;NA;NA;2;33;NA;NA
Curran-Steiner Barbara;Curran-Steiner;Barbara;NA;NA;3;33;NA;NA
Eggimann Kevin;Eggimann;Kevin;NA;NA;2;33;NA;NA
Kyburz Stephan;Kyburz;Stephan;NA;NA;3;33;NA;NA
Lüthi Florian;Lüthi;Florian;NA;NA;3;33;NA;NA
Lüthi Simon;Lüthi;Simon;NA;NA;2;33;NA;NA
Matti Stefan;Matti;Stefan;NA;NA;3;33;NA;NA
Messerli Adrian;Messerli;Adrian;NA;NA;2;33;NA;NA
Niederhauser Katrin;Niederhauser;Katrin;NA;NA;2;33;NA;NA
Renau Patrick;Renau;Patrick;NA;NA;3;33;NA;NA
Schertenleib Manuela;Schertenleib;Manuela;NA;NA;2;33;NA;NA
Stalder Christoph;Stalder;Christoph;NA;NA;2;33;NA;NA
Streit Micha-Peter;Streit;Micha-Peter;NA;NA;2;33;NA;NA
Beuret Noemi;Beuret;Noemi;NA;NA;2;34;NA;NA
Blättler Thomas;Blättler;Thomas;NA;NA;3;34;NA;NA
Bucher Nadine;Bucher;Nadine;NA;NA;2;34;NA;NA
Buholzer Walter;Buholzer;Walter;NA;NA;3;34;NA;NA
Capaul Armin;Capaul;Armin;NA;NA;2;34;NA;NA
Capaul Lilian;Capaul;Lilian;NA;NA;2;34;NA;NA
Costeggioli Orlando;Costeggioli;Orlando;NA;NA;13;34;NA;NA
Escher Sibylle;Escher;Sibylle;NA;NA;13;34;NA;NA
Fleischhacker Michael;Fleischhacker;Michael;NA;NA;2;34;NA;NA
Gerber Fredy;Gerber;Fredy;NA;NA;13;34;NA;NA
Jurt Daniel;Jurt;Daniel;NA;NA;13;34;NA;NA
Marti Heinz;Marti;Heinz;NA;NA;2;34;NA;NA
Mc Gough John;Mc Gough;John;NA;NA;13;34;NA;NA
Rochat Jean-Pierre;Rochat;Jean-Pierre;NA;NA;2;34;NA;NA
Scherer Tamara;Scherer;Tamara;NA;NA;2;34;NA;NA
Schudel Rolf;Schudel;Rolf;NA;NA;13;34;NA;NA
Stahel Björn;Stahel;Björn;NA;NA;13;34;NA;NA
Thiel Verjot Elenora;Thiel Verjot;Elenora;NA;NA;2;34;NA;NA
Vogt Sabine;Vogt;Sabine;NA;NA;2;34;NA;NA
Zesiger Urs;Zesiger;Urs;NA;NA;2;34;NA;NA
Züger Erich;Züger;Erich;NA;NA;2;34;NA;NA
Albeverio Mielikki;Albeverio;Mielikki;NA;NA;3;35;NA;NA
Blättler Daniela;Blättler;Daniela;NA;NA;3;35;NA;NA
Brandner Tobias;Brandner;Tobias;NA;NA;3;35;NA;NA
Brechbühler Thierry;Brechbühler;Thierry;Brechbühler;Thierry Ulrich;24;35;NA;NA
Koch Simon;Koch;Simon;NA;NA;3;35;NA;NA
Schülé Sylvia;Schülé;Sylvia;Schulé;Sylvia;24;35;NA;NA
Schai-Zigerlig Helen;Schai-Zigerlig;Helen;NA;NA;12;36;NA;NA
Baudinot Geri;Baudinot;Geri;NA;NA;23;37;NA;NA
Bellwald Michi;Bellwald;Michi;Bellwald;Michael;23;37;NA;NA
Von Aesch Mike;Von Aesch;Mike;von Aesch;Michael;23;37;NA;NA
Bétrisey Claudia;Bétrisey;Claudia;Bétrisey Bonvin;Claudia Murielle;23;38;NA;NA
Dilekçi Seyran;Dilekçi;Seyran;Dilekci;Seyran;12;38;NA;NA
Kuchler-Mayor Noémie;Kuchler-Mayor;Noémie;Kuchler;Noémie;23;39;NA;NA
Pieren Jean-Luc;Pieren;Jean-Luc;NA;NA;24;39;NA;NA
Lüthard Dominic;Lüthard;Dominic;NA;NA;12;41;NA;NA
Mäder Jasmin;Mäder;Jasmin;NA;NA;12;41;NA;NA
Steiger Tobias;Steiger;Tobias;NA;NA;12;41;NA;NA
Weltert Werner;Weltert;Werner;NA;NA;12;41;NA;NA
von Scarpatetti Beat;von Scarpatetti;Beat;Von Scarpatetti;Beat;13;70;NA;NA
Schulthess Léon;Schulthess;Léon;Schulthess;Leon;3;12a;NA;NA
Stalder Séverin;Stalder;Séverin;Stalder;Severin;3;12a;NA;NA
Güntzel Karl;Güntzel;Karl;Günzel;Karl;17;1b;NA;NA
Liebi Markus Adrian;Liebi;Markus Adrian;Liebi;Markus;19;1b;NA;NA
Egger Nico;Egger;Nico;Egger;Niklaus;17;1c;NA;NA
Eilinger Ruedi;Eilinger;Ruedi;Eilinger;Rudolf;17;1c;NA;NA
Binder Carole;Binder;Carole;Binder-Meury;Carole;19;2a;NA;NA
Krempl-Gnädinger Luzia;Krempl-Gnädinger;Luzia;Krempl;Luzia;17;2a;NA;NA
Alder Frey Helen;Alder Frey;Helen;Alder Frey;Helene;17;2b;NA;NA
Sennhauser Sepp;Sennhauser;Sepp;Sennhauser;Josef;17;2b;NA;NA
Clavuot Maria;Clavuot;Maria;Clavuot-Brutschy;Maria;19;2c;NA;NA
Kaufmann Elsbeth;Kaufmann;Elsbeth;Kaufmann-Tanner;Elsbeth;19;2c;NA;NA
Kücük Mehmet;Kücük;Mehmet;Küçük;Mehmet;19;2c;NA;NA
Ananthan Theifyaah;Ananthan;Theifyaah;NA;NA;19;2e;NA;NA
Gökçen Sinem;Gökçen;Sinem;Gökçen-Atalan;Sinem;19;2e;NA;NA
Kisa Besir;Kisa;Besir;Kisa Açikgöz;Besir;19;2e;NA;NA
Mignogna Funda;Mignogna;Funda;Mignogna-Yilmaz;Funda;19;2e;NA;NA
Bleichenbacher Anna Viola;Bleichenbacher;Anna Viola;Bleichenbacher;Anna;17;3a;NA;NA
Markart Ingrid E.;Markart;Ingrid E.;NA;NA;17;4a;NA;NA
Shitsetsang Jigme Norbu;Shitsetsang;Jigme Norbu;NA;NA;17;4a;NA;NA
Hagenbuch Franz;Hagenbuch;Franz;Hagenbuch-Tresch;Franz;19;4b;NA;NA
Manoranjithan Nirosh;Manoranjithan;Nirosh;Manorajithan;Nirosh;17;4b;NA;NA
Büchel-Wäger Caroline;Büchel-Wäger;Caroline;Büchel;Caroline;17;4c;NA;NA
Bucher Ivo;Bucher;Ivo;Bucher-Yurko;Ivo;19;4d;NA;NA
Burkhard Urs;Burkhard;Urs;Burkhard-Ryser;Urs;19;4d;NA;NA
Kunz-Arnold Cornelia;Kunz-Arnold;Cornelia;Kunz;Cornelia;17;4d;NA;NA
Pool-Vollmer Brigitte;Pool-Vollmer;Brigitte;Pool;Brigitte;17;4d;NA;NA
Ammann Urs;Ammann;Urs;NA;NA;19;4f;NA;NA
López-Peduzzi Ilaria;López-Peduzzi;Ilaria;Lòpez-Peduzzi;Ilaria;19;4g;NA;NA
Scheidegger Fred Martin;Scheidegger;Fred Martin;Scheidegger;Fred;19;4h;NA;NA
Stenico-Goldschmid Franziska;Stenico-Goldschmid;Franziska;Stenico;Franziska;19;4h;NA;NA
Wick Jacqueline Julia;Wick;Jacqueline Julia;NA;NA;19;4h;NA;NA
Fäs Elisa;Fäs;Elisa;Faes;Elisa;17;6b;NA;NA
Beer Betty;Beer;Betty;Beer Schuler;Betty;17;6c;NA;NA
Scheuble-Wächter Magie;Scheuble-Wächter;Magie;Scheuble;Magie;17;6c;NA;NA
Hess Anna Katharina;Hess;Anna Katharina;Hess;Annekäthi;19;7a;NA;NA
Bärtschi Fredi;Bärtschi;Fredi;Bärtschi;Fredy;19;8a;NA;NA
Eschmann Jonny;Eschmann;Jonny;Eschmann;Jonathan;19;8b;NA;NA
Stauffer Tabea Irina;Stauffer;Tabea Irina;Stauffer;Tabea;19;8b;NA;NA
Grob Fred;Grob;Fred;NA;NA;19;8c;NA;NA
Gugelmann Elisabeth;Gugelmann;Elisabeth;Gugelmann-Blank;Elisabeth;19;8c;NA;NA
Hübscher Bertha;Hübscher;Bertha;Hübscher-Oester;Bertha;19;8c;NA;NA
Wahrstätter-Blatter Margrit;Wahrstätter-Blatter;Margrit;Wahrstätter;Margrit;19;8c;NA;NA
Wunderlin Vinzenz;Wunderlin;Vinzenz;Wunderlin;Vinzenz Martin;19;8c;NA;NA
Wyler Walter;Wyler;Walter;Wyler;Walter Daniel;19;8c;NA;NA
Aglamaz Haci Memet;NA;NA;Aglamaz;Haci Memet;NA;NA;Zürich;Partei der Arbeit
Appenzeller Andrin;NA;NA;Appenzeller;Andrin;NA;NA;Zürich;Partei der Arbeit
Bozay-Sahin Meral;NA;NA;Bozay-Sahin;Meral;NA;NA;Zürich;Partei der Arbeit
Camara Béatrice Jacqueline (Bea);NA;NA;Camara;Béatrice Jacqueline (Bea);NA;NA;Zürich;Partei der Arbeit
Eberle Willi;NA;NA;Eberle;Willi;NA;NA;Zürich;Partei der Arbeit
Fata Istvan;NA;NA;Fata;Istvan;NA;NA;Zürich;Partei der Arbeit
Herzog Ulrich;NA;NA;Herzog;Ulrich;NA;NA;Zürich;Partei der Arbeit
Manap Süleyman (Sülo);NA;NA;Manap;Süleyman (Sülo);NA;NA;Zürich;Partei der Arbeit
Sahin Gülpasa;NA;NA;Sahin;Gülpasa;NA;NA;Zürich;Partei der Arbeit
Satan Sevin;NA;NA;Satan;Sevin;NA;NA;Zürich;Partei der Arbeit
Steiner Remo;NA;NA;Steiner;Remo;NA;NA;Zürich;Partei der Arbeit
Weil Anjuška;NA;NA;Weil;Anjuška;NA;NA;Zürich;Partei der Arbeit
Darbellay Valentina;NA;NA;Darbellay;Valentina;NA;NA;Wallis;PARTI DEMOCRATE CHRETIEN DU VALAIS ROMAND (PDCVR)
Perroud Marie-France;NA;NA;Perroud;Marie-France;NA;NA;Waadt;Parti Pirate Vaudois
de Sainte Marie Romain;NA;NA;de Sainte Marie;Romain;NA;NA;Genf;Parti socialiste genevois
Friedli Aurélie;NA;NA;Friedli;Aurélie;NA;NA;Genf;Parti socialiste genevois
Scheider Hausser Lydia;NA;NA;Scheider Hausser;Lydia;NA;NA;Genf;Parti socialiste genevois
Maitre-Schindelholz Suzanne;NA;NA;Maitre-Schindelholz;Suzanne;NA;NA;Jura;PCSI Femmes
Bottlang Pittet Jacqueline;NA;NA;Bottlang Pittet;Jacqueline;NA;NA;Waadt;PDC
D'Angelo Vladimir;NA;NA;D'Angelo;Vladimir;NA;NA;Waadt;PDC
De Preux Thierry;NA;NA;De Preux;Thierry;NA;NA;Waadt;PDC
Donzé Chantal;NA;NA;Donzé;Chantal;NA;NA;Waadt;PDC
Gaillard-Houriet Myriam;NA;NA;Gaillard-Houriet;Myriam;NA;NA;Waadt;PDC
Meyer Loetscher Anne;NA;NA;Meyer Loetscher;Anne;NA;NA;Freiburg;PDC Fribourg/CVP Freiburg
Huguenin Cyril;NA;NA;Huguenin;Cyril;NA;NA;Genf;PDC Genève
De França Philippe;NA;NA;De França;Philippe;NA;NA;Bern;PDC liste romande
Lindsay Otieno Catherine;NA;NA;Lindsay Otieno;Catherine;NA;NA;Bern;PDC liste romande
Béglé Herrera Claudio;NA;NA;Béglé Herrera;Claudio;NA;NA;Waadt;PDC ouVERTure
Dittli Valérie;NA;NA;Dittli;Valérie;NA;NA;Waadt;PDC ouVERTure
Ebnother-Parker Julian;NA;NA;Ebnother-Parker;Julian;NA;NA;Waadt;PDC ouVERTure
Abate Antonie;NA;NA;Abate;Antonie;NA;NA;Bern;PDC romand de Berne
Latifi Mendi;NA;NA;Latifi;Mendi;NA;NA;Bern;PDC romand de Berne
Schneider Riehle Stéphanie;NA;NA;Schneider Riehle;Stéphanie;NA;NA;Bern;PDC romand de Berne
Wehbé Souad;NA;NA;Wehbé;Souad;NA;NA;Bern;PDC romand de Berne
Gouanou Ourehonon;NA;NA;Gouanou;Ourehonon;NA;NA;Genf;PEV
Ladimi Catherine;NA;NA;Ladimi;Catherine;NA;NA;Genf;PEV
Wildi Rozalija Rosi;NA;NA;Wildi;Rozalija Rosi;NA;NA;Bern;Piraten
Neff Patrick;NA;NA;Neff;Patrick;NA;NA;Aargau;Piratenpartei Aargau
Burger Philippe;NA;NA;Burger;Philippe;NA;NA;Zürich;Piratenpartei humanistisch liberal progressiv
Fehr Dominik;NA;NA;Fehr;Dominik;NA;NA;Zürich;Piratenpartei humanistisch liberal progressiv
Incerti Mattia;NA;NA;Incerti;Mattia;NA;NA;Zürich;Piratenpartei humanistisch liberal progressiv
de Montmollin Simone;NA;NA;de Montmollin;Simone;NA;NA;Genf;PLR Principale
Genecand Benoit;NA;NA;Genecand;Benoit;NA;NA;Genf;PLR Principale
Girod-Baumgartner Christine;NA;NA;Girod-Baumgartner;Christine;NA;NA;Waadt;PLR Principale
Grichting Valériane;NA;NA;Grichting;Valériane;NA;NA;Wallis;PLR Principale
Luginbühl Sylvie;NA;NA;Luginbühl;Sylvie;NA;NA;Wallis;PLR Principale
de Senarclens Alexandre;NA;NA;de Senarclens;Alexandre;NA;NA;Genf;PLR. Les Libéraux-Radicaux Genève
Bettschart-Narbel Florence;NA;NA;Bettschart-Narbel;Florence;NA;NA;Waadt;PLR.Les Libéraux-Radicaux
Jobin Caroline;NA;NA;Jobin;Caroline;NA;NA;Waadt;POP Vaudois
Manzoni Joaquim;NA;NA;Manzoni;Joaquim;NA;NA;Waadt;POP Vaudois
Mukamba Augustin;NA;NA;Mukamba;Augustin;NA;NA;Waadt;POP Vaudois
Tricarico Michele;NA;NA;Tricarico;Michele;NA;NA;Tessin;PPD Ticino
Portmann Isabelle;NA;NA;Portmann;Isabelle;NA;NA;Freiburg;Principale - PLR.Les Libéraux-Radicaux
Truaisch Mariano;NA;NA;Truaisch;Mariano;NA;NA;Tessin;PS - PS60+
Godat Claudine;NA;NA;Godat;Claudine;NA;NA;Freiburg;PS 60+
Sönmez-Özdemir Seline Zeynep;NA;NA;Sönmez-Özdemir;Seline Zeynep;NA;NA;Freiburg;PS Intégration
Luescher Thierry;NA;NA;Luescher;Thierry;NA;NA;Freiburg;PS International
Carobbio Marina;NA;NA;Carobbio;Marina;NA;NA;Tessin;PS Ticino
Jaccound Jessica;NA;NA;Jaccound;Jessica;NA;NA;Waadt;PS Vaudois
Gilgen Coline;NA;NA;Gilgen;Coline;NA;NA;Waadt;PVL - les jeunes vert'libéraux
Pointet Cloe;NA;NA;Pointet;Cloe;NA;NA;Waadt;PVL - les jeunes vert'libéraux
Dupertuis Michael;NA;NA;Dupertuis;Michael;NA;NA;Waadt;PVL - les vert'libéraux
Weber-Koppenburg Céline;NA;NA;Weber-Koppenburg;Céline;NA;NA;Waadt;PVL - les vert'libéraux
Cantaluppi Stefano;NA;NA;Cantaluppi;Stefano;NA;NA;Tessin;pvl partito verde liberale
Martinez Francesca;NA;NA;Martinez;Francesca;NA;NA;Tessin;pvl partito verde liberale
Pesce Stefano;NA;NA;Pesce;Stefano;NA;NA;Tessin;pvl partito verde liberale
Garonne Alexis;NA;NA;Garonne;Alexis;NA;NA;Zürich;Schweizer Demokraten
Rüegger Monika;NA;NA;Rüegger;Monika;NA;NA;Obwalden;Schweizerische Volkspartei
Zimmermann Patric;NA;NA;Zimmermann;Patric;NA;NA;Wallis;Schweizerische Volkspartei Oberwallis (SVPO) Wirtschaft, Gewerbe und Tourismus
Angele Katharina;NA;NA;Angele;Katharina;NA;NA;Zürich;senior glp
Heller Alfred;NA;NA;Heller;Alfred;NA;NA;Zürich;senior glp
Meyer Peter C.;NA;NA;Meyer;Peter C.;NA;NA;Zürich;senior glp
Scherrer Inèz C.;NA;NA;Scherrer;Inèz C.;NA;NA;Zürich;senior glp
Weibel Ursula;NA;NA;Weibel;Ursula;NA;NA;Zürich;senior glp
Setz Melanie;NA;NA;Setz;Melanie;NA;NA;Luzern;Sozialdemokratische Partei (SP) und Gewerkschaften
Zemp Yvonne;NA;NA;Zemp;Yvonne;NA;NA;Luzern;Sozialdemokratische Partei (SP) und Gewerkschaften
Wiesmann Lilli Rose;NA;NA;Wiesmann;Lilli Rose;NA;NA;Zürich;Sozialdemokratische Partei (SP), JUSO
Gmurczyk Evelyn;NA;NA;Gmurczyk;Evelyn;NA;NA;Solothurn;Sozialdemokratische Partei 60+
Jenny Hubert;NA;NA;Jenny;Hubert;NA;NA;Solothurn;Sozialdemokratische Partei 60+
Imhof Bernhard-Minnig;NA;NA;Imhof;Bernhard-Minnig;NA;NA;Wallis;Sozialdemokratische Partei Oberwallis
Binder-Meury Carole;NA;NA;Binder-Meury;Carole;NA;NA;Aargau;SP Aargau
Bammatter Andreas;NA;NA;Bammatter;Andreas;NA;NA;Basel-Landschaft;SP Basel-Landschaft
Bärtschi Lopez Zequera Daniela;NA;NA;Bärtschi Lopez Zequera;Daniela;NA;NA;Bern;SP Bern Frauen
Hässig Vinzens Kornelia;NA;NA;Hässig Vinzens;Kornelia;NA;NA;Bern;SP Bern Frauen
Striffeler Elisabeth;NA;NA;Striffeler;Elisabeth;NA;NA;Bern;SP Bern Frauen
Pinto de Magalhaes Halua Alberto;NA;NA;Pinto de Magalhaes;Halua Alberto;NA;NA;Bern;SP Bern Männer
Pfister Gian;NA;NA;Pfister;Gian;NA;NA;Graubünden;SP JUSO Männer*
Hutter Elsener Simone;NA;NA;Hutter Elsener;Simone;NA;NA;Zug;SP Kanton Zug - SP Frauen
Kälin Karin;NA;NA;Kälin;Karin;NA;NA;Solothurn;SP Olten-Gösgen
Bleichenbacher Anna;NA;NA;Bleichenbacher;Anna;NA;NA;St. Gallen;SP St. Gallen
Granato Alex;NA;NA;Granato;Alex;NA;NA;Thurgau;SP Thurgau
Schallenberg Turi;NA;NA;Schallenberg;Turi;NA;NA;Thurgau;SP Thurgau
Clavuot-Brutschy Maria;NA;NA;Clavuot-Brutschy;Maria;NA;NA;Aargau;SP und Gewerkschaften – SP 60+
Kaufmann-Tanner Elsbeth;NA;NA;Kaufmann-Tanner;Elsbeth;NA;NA;Aargau;SP und Gewerkschaften – SP 60+
Küçük Mehmet;NA;NA;Küçük;Mehmet;NA;NA;Aargau;SP und Gewerkschaften – SP 60+
Gökçen-Atalan Sinem;NA;NA;Gökçen-Atalan;Sinem;NA;NA;Aargau;SP und Gewerkschaften – SP Migrant*innen
Kisa Açikgöz Besir;NA;NA;Kisa Açikgöz;Besir;NA;NA;Aargau;SP und Gewerkschaften – SP Migrant*innen
Mignogna-Yilmaz Funda;NA;NA;Mignogna-Yilmaz;Funda;NA;NA;Aargau;SP und Gewerkschaften – SP Migrant*innen
Theifyaah Ananthan;NA;NA;Theifyaah;Ananthan;NA;NA;Aargau;SP und Gewerkschaften – SP Migrant*innen
Apiyo Brändle-Amolo Yvonne;NA;NA;Apiyo Brändle-Amolo;Yvonne;NA;NA;Zürich;SP Zürich
Loss David;NA;NA;Loss;David;NA;NA;Zürich;SP Zürich
Wyssen Claudia;NA;NA;Wyssen;Claudia;NA;NA;Zürich;SP Zürich
Bruegger Urs;NA;NA;Bruegger;Urs;NA;NA;Solothurn;SVP Bürger, Büezer, International
Zuber Luzia;NA;NA;Zuber;Luzia;NA;NA;Basel-Stadt;SVP Frauen Basel-Stadt
Dahinden Eveline;NA;NA;Dahinden;Eveline;NA;NA;Luzern;SVP Frauen für Stadt und Land
Meier Monika;NA;NA;Meier;Monika;NA;NA;Luzern;SVP Frauen für Stadt und Land
Zumofen Evelyne;NA;NA;Zumofen;Evelyne;NA;NA;Luzern;SVP Frauen für Stadt und Land
Brand-Ciocco Heinz;NA;NA;Brand-Ciocco;Heinz;NA;NA;Graubünden;SVP Graubünden - Liste Brand
Favre Accola Valèrie;NA;NA;Favre Accola;Valèrie;NA;NA;Graubünden;SVP Graubünden - Liste Brand
Binkert Becchetti Gabriella;NA;NA;Binkert Becchetti;Gabriella;NA;NA;Graubünden;SVP Graubünden – Liste SVP International
Brandenburger-Caderas Agnes;NA;NA;Brandenburger-Caderas;Agnes;NA;NA;Graubünden;SVP Graubünden – Team 60+ für ein sicheres Rentenalter
Sztia Nicolas;NA;NA;Sztia;Nicolas;NA;NA;Luzern;SVP International
Schneider Herzig Sandra;NA;NA;Schneider Herzig;Sandra;NA;NA;Bern;SVP Kanton Bern
von Siebenthal-Glauser Erich;NA;NA;von Siebenthal-Glauser;Erich;NA;NA;Bern;SVP Kanton Bern
Keller Desiree;NA;NA;Keller;Desiree;NA;NA;Bern;SVP Kanton Bern (Junge SVP)
Bachmann Ernst;NA;NA;Bachmann;Ernst;NA;NA;Zürich;SVP Liste 55plus
Bertschinger Karl;NA;NA;Bertschinger;Karl;NA;NA;Zürich;SVP Liste 55plus
Frehsner-Aebersold Rosmarie;NA;NA;Frehsner-Aebersold;Rosmarie;NA;NA;Zürich;SVP Liste 55plus
Hafner Louis;NA;NA;Hafner;Louis;NA;NA;Zürich;SVP Liste 55plus
Hauri Theo;NA;NA;Hauri;Theo;NA;NA;Zürich;SVP Liste 55plus
im Oberdorf Bernhard;NA;NA;im Oberdorf;Bernhard;NA;NA;Zürich;SVP Liste 55plus
Jacober Hanspeter;NA;NA;Jacober;Hanspeter;NA;NA;Zürich;SVP Liste 55plus
Kägi Hanspeter;NA;NA;Kägi;Hanspeter;NA;NA;Zürich;SVP Liste 55plus
Kistler Bruno;NA;NA;Kistler;Bruno;NA;NA;Zürich;SVP Liste 55plus
Kübler Ueli;NA;NA;Kübler;Ueli;NA;NA;Zürich;SVP Liste 55plus
Lobsiger Ulrich;NA;NA;Lobsiger;Ulrich;NA;NA;Zürich;SVP Liste 55plus
Schaerer Erich;NA;NA;Schaerer;Erich;NA;NA;Zürich;SVP Liste 55plus
Schlatter Hedy;NA;NA;Schlatter;Hedy;NA;NA;Zürich;SVP Liste 55plus
Sorg Bernhard;NA;NA;Sorg;Bernhard;NA;NA;Zürich;SVP Liste 55plus
Suter Arnold;NA;NA;Suter;Arnold;NA;NA;Zürich;SVP Liste 55plus
Vettiger Heinrich;NA;NA;Vettiger;Heinrich;NA;NA;Zürich;SVP Liste 55plus
Walder Rudolf;NA;NA;Walder;Rudolf;NA;NA;Zürich;SVP Liste 55plus
Widmer Katharina;NA;NA;Widmer;Katharina;NA;NA;Zürich;SVP Liste 55plus
Egger Niklaus;NA;NA;Egger;Niklaus;NA;NA;St. Gallen;SVP Schweizerische Volkspartei des Kantons St.Gallen - Senioren
Eilinger Rudolf;NA;NA;Eilinger;Rudolf;NA;NA;St. Gallen;SVP Schweizerische Volkspartei des Kantons St.Gallen - Senioren
Günzel Karl;NA;NA;Günzel;Karl;NA;NA;St. Gallen;SVP Schweizerische Volkspartei des Kantons St.Gallen - Unternehmerliste
Fehr Düsel Nina;NA;NA;Fehr Düsel;Nina;NA;NA;Zürich;SVP Zürich
Fischer Benjamin;NA;NA;Fischer;Benjamin;NA;NA;Zürich;SVP Zürich
Heer Alfred;NA;NA;Heer;Alfred;NA;NA;Zürich;SVP Zürich
Zurfluh Christina;NA;NA;Zurfluh;Christina;NA;NA;Zürich;SVP Zürich
Bandixen-Widmer Claudia;NA;NA;Bandixen-Widmer;Claudia;NA;NA;Aargau;TEAM65+ – Die Aargauer Seniorenliste
Ruffieux Guignard Sylvie;NA;NA;Ruffieux Guignard;Sylvie;NA;NA;Genf;U.D.F (Union démocratique fédérale)
Brechbühler Thierry Ulrich;NA;NA;Brechbühler;Thierry Ulrich;NA;NA;Neuenburg;UDC
"Pasi Pierluigi \Pier\""""";NA;NA;Pasi;"Pierluigi \Pier\""""";NA;NA;Tessin;UDC
Schulé Sylvia;NA;NA;Schulé;Sylvia;NA;NA;Neuenburg;UDC
Gomes de Almeida Manuel;NA;NA;Gomes de Almeida;Manuel;NA;NA;Genf;UDC - International
Vieux Mikael;NA;NA;Vieux;Mikael;NA;NA;Wallis;UDC du Valais Romand
Agassis Hervé;NA;NA;Agassis;Hervé;NA;NA;Neuenburg;UDC liste Relève
Jenk Andy;NA;NA;Jenk;Andy;NA;NA;Zürich;up!schweiz
Catrina Gianna Lisa;NA;NA;Catrina;Gianna Lisa;NA;NA;Graubünden;Verda - Grüne Graubünden
Simão Ograbek Kevin;NA;NA;Simão Ograbek;Kevin;NA;NA;Tessin;Verdi e Sinistra alternativa - Giovani Verdi
Borel Jeremy;NA;NA;Borel;Jeremy;NA;NA;Genf;Vert'libéraux - jeunes
